focal_cell_type,neighbor_cell_type,timepoint,enrichment_score,log2_enrichment,n_focal_cells,n_rois,n_mice_effective,below_min_support,insufficient_support
activated_endothelial_cd140b,activated_endothelial_cd140b,D1,1.6149095921003116,0.691453400411803,49,6,2,False,False
activated_endothelial_cd140b,activated_endothelial_cd44,D1,0.9868133415284164,-0.0191508741553147,49,6,2,False,False
activated_endothelial_cd140b,activated_fibroblast_cd140b,D1,1.1804466433655552,0.2393328326791445,49,6,2,False,False
activated_endothelial_cd140b,activated_fibroblast_cd44,D1,1.379780499977589,0.4644387765823925,36,4,2,False,False
activated_endothelial_cd140b,activated_immune,D1,1.7882282830146237,0.8385309209454344,42,5,2,False,False
activated_endothelial_cd140b,activated_m2_cd140b,D1,2.5448360411214073,1.3475727092357896,42,5,2,False,False
activated_endothelial_cd140b,activated_m2_cd44,D1,0.6482505193323849,-0.6253766380232836,49,6,2,False,False
activated_endothelial_cd140b,activated_myeloid_cd140b,D1,,,34,5,1,False,True
activated_endothelial_cd140b,activated_myeloid_cd44,D1,0.7331959835796611,-0.4477292120177143,49,6,2,False,False
activated_endothelial_cd140b,endothelial,D1,1.146900074950205,0.1977397002868381,49,6,2,False,False
activated_endothelial_cd140b,fibroblast,D1,1.0008881680220851,0.0012807869081084,49,6,2,False,False
activated_endothelial_cd140b,immune_cells,D1,0.8946414056345001,-0.1606185644442491,49,6,2,False,False
activated_endothelial_cd140b,m2_macrophage,D1,0.6702463168505091,-0.5772367085812121,49,6,2,False,False
activated_endothelial_cd140b,myeloid,D1,1.0128142006119043,0.018369537968097,49,6,2,False,False
activated_endothelial_cd140b,neutrophil,D1,0.92629096116597,-0.1104626591807426,49,6,2,False,False
activated_endothelial_cd44,activated_endothelial_cd140b,D1,0.9868133415284164,-0.0191508741553147,42,6,2,False,False
activated_endothelial_cd44,activated_endothelial_cd44,D1,2.135000730007766,1.0942365631377582,42,6,2,False,False
activated_endothelial_cd44,activated_fibroblast_cd140b,D1,1.0492422876266194,0.0693478588457217,42,6,2,False,False
activated_endothelial_cd44,activated_fibroblast_cd44,D1,,,27,4,1,False,True
activated_endothelial_cd44,activated_immune,D1,,,33,5,1,False,True
activated_endothelial_cd44,activated_m2_cd140b,D1,6.223802237034391,2.6377962190351214,34,5,2,False,False
activated_endothelial_cd44,activated_m2_cd44,D1,0.708825703337352,-0.4964971752424681,42,6,2,False,False
activated_endothelial_cd44,activated_myeloid_cd140b,D1,4.68932229535821,2.229379438354081,35,5,2,False,False
activated_endothelial_cd44,activated_myeloid_cd44,D1,0.5892270242519436,-0.7631044953686853,42,6,2,False,False
activated_endothelial_cd44,endothelial,D1,1.1341689884867534,0.1816356144319752,42,6,2,False,False
activated_endothelial_cd44,fibroblast,D1,0.8988155524330541,-0.1539030068360311,42,6,2,False,False
activated_endothelial_cd44,immune_cells,D1,0.8497143317148432,-0.2349501965648143,42,6,2,False,False
activated_endothelial_cd44,m2_macrophage,D1,0.7872508665314474,-0.3451046545432744,42,6,2,False,False
activated_endothelial_cd44,myeloid,D1,0.7088538092401935,-0.4964399715567342,42,6,2,False,False
activated_endothelial_cd44,neutrophil,D1,1.0747330965087372,0.1039784196724176,42,6,2,False,False
activated_fibroblast_cd140b,activated_endothelial_cd140b,D1,1.306827962640887,0.3860692300536992,132,6,2,False,False
activated_fibroblast_cd140b,activated_endothelial_cd44,D1,1.0675860904684495,0.0943524139056345,132,6,2,False,False
activated_fibroblast_cd140b,activated_fibroblast_cd140b,D1,1.3537536503370549,0.4369652280024418,132,6,2,False,False
activated_fibroblast_cd140b,activated_fibroblast_cd44,D1,0.995618456450758,-0.0063351201096171,92,4,2,False,False
activated_fibroblast_cd140b,activated_immune,D1,1.1124164889654304,0.1536970345260673,105,5,2,False,False
activated_fibroblast_cd140b,activated_m2_cd140b,D1,1.5511479960525751,0.6333363414256357,117,5,2,False,False
activated_fibroblast_cd140b,activated_m2_cd44,D1,0.6228139414038684,-0.6831268560434536,132,6,2,False,False
activated_fibroblast_cd140b,activated_myeloid_cd140b,D1,1.4601395112305344,0.5461062201633118,111,5,2,False,False
activated_fibroblast_cd140b,activated_myeloid_cd44,D1,0.9182722695100288,-0.1230061159401211,132,6,2,False,False
activated_fibroblast_cd140b,endothelial,D1,1.0739734498483786,0.102958328290237,132,6,2,False,False
activated_fibroblast_cd140b,fibroblast,D1,1.0044640066073358,0.0064258682827924,132,6,2,False,False
activated_fibroblast_cd140b,immune_cells,D1,1.0943617553187348,0.1300897183261244,132,6,2,False,False
activated_fibroblast_cd140b,m2_macrophage,D1,1.1947580274657357,0.2567184609479285,132,6,2,False,False
activated_fibroblast_cd140b,myeloid,D1,1.062539413777083,0.0875163574913825,132,6,2,False,False
activated_fibroblast_cd140b,neutrophil,D1,0.7988890364695593,-0.3239329642652307,132,6,2,False,False
activated_fibroblast_cd44,activated_endothelial_cd140b,D1,,,10,4,2,True,False
activated_fibroblast_cd44,activated_endothelial_cd44,D1,,,10,4,0,True,True
activated_fibroblast_cd44,activated_fibroblast_cd140b,D1,,,10,4,2,True,False
activated_fibroblast_cd44,activated_fibroblast_cd44,D1,,,10,4,0,True,True
activated_fibroblast_cd44,activated_immune,D1,,,7,3,1,True,True
activated_fibroblast_cd44,activated_m2_cd140b,D1,,,8,3,1,True,True
activated_fibroblast_cd44,activated_m2_cd44,D1,,,10,4,2,True,False
activated_fibroblast_cd44,activated_myeloid_cd140b,D1,,,8,3,0,True,True
activated_fibroblast_cd44,activated_myeloid_cd44,D1,,,10,4,0,True,True
activated_fibroblast_cd44,endothelial,D1,,,10,4,2,True,False
activated_fibroblast_cd44,fibroblast,D1,,,10,4,2,True,False
activated_fibroblast_cd44,immune_cells,D1,,,10,4,2,True,False
activated_fibroblast_cd44,m2_macrophage,D1,,,10,4,2,True,False
activated_fibroblast_cd44,myeloid,D1,,,10,4,2,True,False
activated_fibroblast_cd44,neutrophil,D1,,,10,4,2,True,False
activated_immune,activated_endothelial_cd140b,D1,,,14,5,2,True,False
activated_immune,activated_endothelial_cd44,D1,,,14,5,2,True,False
activated_immune,activated_fibroblast_cd140b,D1,,,14,5,2,True,False
activated_immune,activated_fibroblast_cd44,D1,,,9,3,0,True,True
activated_immune,activated_immune,D1,,,14,5,2,True,False
activated_immune,activated_m2_cd140b,D1,,,12,4,0,True,True
activated_immune,activated_m2_cd44,D1,,,14,5,2,True,False
activated_immune,activated_myeloid_cd140b,D1,,,11,4,0,True,True
activated_immune,activated_myeloid_cd44,D1,,,14,5,1,True,True
activated_immune,endothelial,D1,,,14,5,2,True,False
activated_immune,fibroblast,D1,,,14,5,2,True,False
activated_immune,immune_cells,D1,,,14,5,2,True,False
activated_immune,m2_macrophage,D1,,,14,5,1,True,True
activated_immune,myeloid,D1,,,14,5,2,True,False
activated_immune,neutrophil,D1,,,14,5,2,True,False
activated_m2_cd140b,activated_endothelial_cd140b,D1,,,8,5,2,True,False
activated_m2_cd140b,activated_endothelial_cd44,D1,,,8,5,2,True,False
activated_m2_cd140b,activated_fibroblast_cd140b,D1,,,8,5,2,True,False
activated_m2_cd140b,activated_fibroblast_cd44,D1,,,4,3,1,True,True
activated_m2_cd140b,activated_immune,D1,,,6,4,0,True,True
activated_m2_cd140b,activated_m2_cd140b,D1,,,8,5,0,True,True
activated_m2_cd140b,activated_m2_cd44,D1,,,8,5,1,True,True
activated_m2_cd140b,activated_myeloid_cd140b,D1,,,7,4,1,True,True
activated_m2_cd140b,activated_myeloid_cd44,D1,,,8,5,1,True,True
activated_m2_cd140b,endothelial,D1,,,8,5,1,True,True
activated_m2_cd140b,fibroblast,D1,,,8,5,2,True,False
activated_m2_cd140b,immune_cells,D1,,,8,5,2,True,False
activated_m2_cd140b,m2_macrophage,D1,,,8,5,1,True,True
activated_m2_cd140b,myeloid,D1,,,8,5,1,True,True
activated_m2_cd140b,neutrophil,D1,,,8,5,2,True,False
activated_m2_cd44,activated_endothelial_cd140b,D1,0.4757508187558503,-1.0717219555420567,90,6,2,False,False
activated_m2_cd44,activated_endothelial_cd44,D1,0.6538088679749374,-0.613059149570651,90,6,2,False,False
activated_m2_cd44,activated_fibroblast_cd140b,D1,0.703012816861331,-0.508377103094922,90,6,2,False,False
activated_m2_cd44,activated_fibroblast_cd44,D1,1.071091009130599,0.09908106911068,65,4,2,False,False
activated_m2_cd44,activated_immune,D1,0.6398784606817489,-0.6441301910609837,72,5,2,False,False
activated_m2_cd44,activated_m2_cd140b,D1,,,78,5,1,False,True
activated_m2_cd44,activated_m2_cd44,D1,1.7505967247141765,0.8078467763681442,90,6,2,False,False
activated_m2_cd44,activated_myeloid_cd140b,D1,1.3199293584717309,0.4004607198036929,84,5,2,False,False
activated_m2_cd44,activated_myeloid_cd44,D1,1.3019416593611248,0.380664802085608,90,6,2,False,False
activated_m2_cd44,endothelial,D1,0.6499567920274698,-0.6215842813611028,90,6,2,False,False
activated_m2_cd44,fibroblast,D1,0.7930070828861193,-0.3345943432089971,90,6,2,False,False
activated_m2_cd44,immune_cells,D1,1.0087338808751545,0.0125456200534602,90,6,2,False,False
activated_m2_cd44,m2_macrophage,D1,0.992680987830258,-0.0105979332457475,90,6,2,False,False
activated_m2_cd44,myeloid,D1,1.042286980865306,0.0597525605986825,90,6,2,False,False
activated_m2_cd44,neutrophil,D1,0.9758827371402742,-0.0352202920888268,90,6,2,False,False
activated_myeloid_cd140b,activated_endothelial_cd140b,D1,,,9,5,1,True,True
activated_myeloid_cd140b,activated_endothelial_cd44,D1,,,9,5,1,True,True
activated_myeloid_cd140b,activated_fibroblast_cd140b,D1,,,9,5,2,True,False
activated_myeloid_cd140b,activated_fibroblast_cd44,D1,,,6,3,0,True,True
activated_myeloid_cd140b,activated_immune,D1,,,7,4,1,True,True
activated_myeloid_cd140b,activated_m2_cd140b,D1,,,6,4,1,True,True
activated_myeloid_cd140b,activated_m2_cd44,D1,,,9,5,1,True,True
activated_myeloid_cd140b,activated_myeloid_cd140b,D1,,,9,5,1,True,True
activated_myeloid_cd140b,activated_myeloid_cd44,D1,,,9,5,2,True,False
activated_myeloid_cd140b,endothelial,D1,,,9,5,2,True,False
activated_myeloid_cd140b,fibroblast,D1,,,9,5,2,True,False
activated_myeloid_cd140b,immune_cells,D1,,,9,5,2,True,False
activated_myeloid_cd140b,m2_macrophage,D1,,,9,5,1,True,True
activated_myeloid_cd140b,myeloid,D1,,,9,5,1,True,True
activated_myeloid_cd140b,neutrophil,D1,,,9,5,2,True,False
activated_myeloid_cd44,activated_endothelial_cd140b,D1,0.6165418742705583,-0.6977292120177143,72,6,2,False,False
activated_myeloid_cd44,activated_endothelial_cd44,D1,1.044750952315553,0.0631590737120564,72,6,2,False,False
activated_myeloid_cd44,activated_fibroblast_cd140b,D1,0.8219376598604651,-0.2828991185238967,72,6,2,False,False
activated_myeloid_cd44,activated_fibroblast_cd44,D1,,,41,4,1,False,True
activated_myeloid_cd44,activated_immune,D1,1.0912594667671935,0.1259941694092101,64,5,2,False,False
activated_myeloid_cd44,activated_m2_cd140b,D1,,,59,5,1,False,True
activated_myeloid_cd44,activated_m2_cd44,D1,1.1208304536653824,0.1645680603417033,72,6,2,False,False
activated_myeloid_cd44,activated_myeloid_cd140b,D1,2.479820279963764,1.3102355679507618,69,5,2,False,False
activated_myeloid_cd44,activated_myeloid_cd44,D1,2.6376530525834023,1.3992548101408209,72,6,2,False,False
activated_myeloid_cd44,endothelial,D1,0.6693078278494897,-0.5792582075323076,72,6,2,False,False
activated_myeloid_cd44,fibroblast,D1,0.8304211159893933,-0.2680849658039738,72,6,2,False,False
activated_myeloid_cd44,immune_cells,D1,1.169471442555579,0.2258566328006678,72,6,2,False,False
activated_myeloid_cd44,m2_macrophage,D1,0.9415647063238044,-0.0868678515776123,72,6,2,False,False
activated_myeloid_cd44,myeloid,D1,1.362539932712676,0.4462985123720034,72,6,2,False,False
activated_myeloid_cd44,neutrophil,D1,0.8786156036766528,-0.1866959738461352,72,6,2,False,False
endothelial,activated_endothelial_cd140b,D1,1.2603356906539251,0.3338080470104024,238,6,2,False,False
endothelial,activated_endothelial_cd44,D1,1.0678449673430754,0.094702207811354,238,6,2,False,False
endothelial,activated_fibroblast_cd140b,D1,1.1408074469152152,0.1900553044896217,238,6,2,False,False
endothelial,activated_fibroblast_cd44,D1,0.7700866522067529,-0.376907304046942,175,4,2,False,False
endothelial,activated_immune,D1,1.1796563613975806,0.2383666579686234,182,5,2,False,False
endothelial,activated_m2_cd140b,D1,1.6210733870054903,0.6969494040401154,191,5,2,False,False
endothelial,activated_m2_cd44,D1,0.7715920427676634,-0.3740898295703634,238,6,2,False,False
endothelial,activated_myeloid_cd140b,D1,1.014333518294687,0.0205320962034559,198,5,2,False,False
endothelial,activated_myeloid_cd44,D1,0.6716657231383746,-0.5741846886049518,238,6,2,False,False
endothelial,endothelial,D1,1.333498252886815,0.4152159347102271,238,6,2,False,False
endothelial,fibroblast,D1,0.7559541964132963,-0.4036292712998476,238,6,2,False,False
endothelial,immune_cells,D1,0.9852530435694036,-0.021433793852644,238,6,2,False,False
endothelial,m2_macrophage,D1,1.020886026776943,0.0298218106017252,238,6,2,False,False
endothelial,myeloid,D1,0.7309875122541903,-0.4520813346232446,238,6,2,False,False
endothelial,neutrophil,D1,0.9058944781462588,-0.1425850851470265,238,6,2,False,False
fibroblast,activated_endothelial_cd140b,D1,0.7839748233663822,-0.351120770633215,96,6,2,False,False
fibroblast,activated_endothelial_cd44,D1,0.9778109009467626,-0.0323726058287208,96,6,2,False,False
fibroblast,activated_fibroblast_cd140b,D1,0.9292193772083372,-0.1059088556019284,96,6,2,False,False
fibroblast,activated_fibroblast_cd44,D1,1.3643331272289203,0.4481959481176207,75,4,2,False,False
fibroblast,activated_immune,D1,1.7584958607593288,0.8143419390752371,69,5,2,False,False
fibroblast,activated_m2_cd140b,D1,1.6146862043324512,0.6912538209933772,73,5,2,False,False
fibroblast,activated_m2_cd44,D1,0.524795715394161,-0.930172153522885,96,6,2,False,False
fibroblast,activated_myeloid_cd140b,D1,1.5097153799892324,0.5942765902246447,83,5,2,False,False
fibroblast,activated_myeloid_cd44,D1,0.7544876552934867,-0.4064307988969218,96,6,2,False,False
fibroblast,endothelial,D1,0.7022749469075177,-0.5098921257806106,96,6,2,False,False
fibroblast,fibroblast,D1,1.5896391831858574,0.6686993392825166,96,6,2,False,False
fibroblast,immune_cells,D1,1.048401674893101,0.0681915635844246,96,6,2,False,False
fibroblast,m2_macrophage,D1,0.942785107078178,-0.0849991259833717,96,6,2,False,False
fibroblast,myeloid,D1,1.3192044037382895,0.3996681198679963,96,6,2,False,False
fibroblast,neutrophil,D1,0.994534099859864,-0.0079072569049464,96,6,2,False,False
immune_cells,activated_endothelial_cd140b,D1,1.0236218992814614,0.0336829177174309,207,6,2,False,False
immune_cells,activated_endothelial_cd44,D1,0.949051169329598,-0.0754422207622388,207,6,2,False,False
immune_cells,activated_fibroblast_cd140b,D1,1.1712072128964228,0.2279963436200582,207,6,2,False,False
immune_cells,activated_fibroblast_cd44,D1,1.2155975339773266,0.2816656532516454,122,4,2,False,False
immune_cells,activated_immune,D1,1.456568814060354,0.5425738616968977,180,5,2,False,False
immune_cells,activated_m2_cd140b,D1,1.30145579500831,0.380126310278057,186,5,2,False,False
immune_cells,activated_m2_cd44,D1,0.817272412958581,-0.2911110577424044,207,6,2,False,False
immune_cells,activated_myeloid_cd140b,D1,0.6367063810023625,-0.6512998720597791,162,5,2,False,False
immune_cells,activated_myeloid_cd44,D1,1.308952166653302,0.3884123775024357,207,6,2,False,False
immune_cells,endothelial,D1,1.029520194511119,0.0419721293730804,207,6,2,False,False
immune_cells,fibroblast,D1,1.0635645461444434,0.088907590963626,207,6,2,False,False
immune_cells,immune_cells,D1,1.0126578960904815,0.0181468740679229,207,6,2,False,False
immune_cells,m2_macrophage,D1,0.9991167921515376,-0.0012747626061223,207,6,2,False,False
immune_cells,myeloid,D1,1.0875803578324792,0.1211220010196576,207,6,2,False,False
immune_cells,neutrophil,D1,0.8627238662995578,-0.2130292277983742,207,6,2,False,False
m2_macrophage,activated_endothelial_cd140b,D1,0.4697485755260047,-1.090039308089684,81,6,2,False,False
m2_macrophage,activated_endothelial_cd44,D1,0.894489680821351,-0.1608632560017229,81,6,2,False,False
m2_macrophage,activated_fibroblast_cd140b,D1,1.1465991854438151,0.197361159243716,81,6,2,False,False
m2_macrophage,activated_fibroblast_cd44,D1,1.331481280942747,0.4130321460994819,72,4,2,False,False
m2_macrophage,activated_immune,D1,,,40,5,1,False,True
m2_macrophage,activated_m2_cd140b,D1,2.6299329327512284,1.3950260090913684,68,5,2,False,False
m2_macrophage,activated_m2_cd44,D1,1.251502188245431,0.3236608135736452,81,6,2,False,False
m2_macrophage,activated_myeloid_cd140b,D1,0.8421027019315253,-0.2479319013441992,65,5,2,False,False
m2_macrophage,activated_myeloid_cd44,D1,0.846141586982659,-0.241029001581684,81,6,2,False,False
m2_macrophage,endothelial,D1,0.9388967649180732,-0.0909615578054449,81,6,2,False,False
m2_macrophage,fibroblast,D1,0.8818391608368754,-0.1814125491078091,81,6,2,False,False
m2_macrophage,immune_cells,D1,0.9193533760916812,-0.1213085914332092,81,6,2,False,False
m2_macrophage,m2_macrophage,D1,1.900639882098816,0.9264852076696756,81,6,2,False,False
m2_macrophage,myeloid,D1,0.9456507873735958,-0.0806205755262702,81,6,2,False,False
m2_macrophage,neutrophil,D1,1.0761577637015716,0.1058895911154877,81,6,2,False,False
myeloid,activated_endothelial_cd140b,D1,0.9706304523824943,-0.0430059712245467,67,6,2,False,False
myeloid,activated_endothelial_cd44,D1,,,67,6,1,False,True
myeloid,activated_fibroblast_cd140b,D1,1.0090095724545565,0.0129398613295123,67,6,2,False,False
myeloid,activated_fibroblast_cd44,D1,1.6369854448585004,0.7110414942471217,49,4,2,False,False
myeloid,activated_immune,D1,1.5945569202033958,0.6731555977654475,48,5,2,False,False
myeloid,activated_m2_cd140b,D1,,,55,5,1,False,True
myeloid,activated_m2_cd44,D1,1.0817800846139158,0.1134072430799096,67,6,2,False,False
myeloid,activated_myeloid_cd140b,D1,,,57,5,1,False,True
myeloid,activated_myeloid_cd44,D1,1.5128943779109236,0.5973112699187055,67,6,2,False,False
myeloid,endothelial,D1,0.7558072526701648,-0.4039097322287881,67,6,2,False,False
myeloid,fibroblast,D1,1.2495603428286082,0.3214205726511262,67,6,2,False,False
myeloid,immune_cells,D1,1.052263671497793,0.0734962539640114,67,6,2,False,False
myeloid,m2_macrophage,D1,1.2043301927464467,0.2682309918723101,67,6,2,False,False
myeloid,myeloid,D1,1.1021466650598997,0.140316219258795,67,6,2,False,False
myeloid,neutrophil,D1,0.8519226106121666,-0.2312057141510962,67,6,2,False,False
neutrophil,activated_endothelial_cd140b,D1,0.8716829329008361,-0.1981246322645289,727,6,2,False,False
neutrophil,activated_endothelial_cd44,D1,0.9793212365080628,-0.03014592525339,727,6,2,False,False
neutrophil,activated_fibroblast_cd140b,D1,0.8263136388457102,-0.2752386143044584,727,6,2,False,False
neutrophil,activated_fibroblast_cd44,D1,0.8039419220436443,-0.3148368121474112,484,4,2,False,False
neutrophil,activated_immune,D1,0.824449699765657,-0.2784966183408184,586,5,2,False,False
neutrophil,activated_m2_cd140b,D1,1.118567911536983,0.161652849301252,612,5,2,False,False
neutrophil,activated_m2_cd44,D1,0.9657084727968404,-0.0503403595807477,727,6,2,False,False
neutrophil,activated_myeloid_cd140b,D1,0.7238302845855376,-0.4662766244975139,590,5,2,False,False
neutrophil,activated_myeloid_cd44,D1,0.9595814191386204,-0.0595228726208548,727,6,2,False,False
neutrophil,endothelial,D1,0.8334544167010876,-0.2628247974124494,727,6,2,False,False
neutrophil,fibroblast,D1,1.0612353384738744,0.0857446223228166,727,6,2,False,False
neutrophil,immune_cells,D1,0.859439245320846,-0.2185324372344112,727,6,2,False,False
neutrophil,m2_macrophage,D1,1.13978318915306,0.1887594194061371,727,6,2,False,False
neutrophil,myeloid,D1,0.8865717119015033,-0.1736907641352519,727,6,2,False,False
neutrophil,neutrophil,D1,1.1373415028757925,0.1856655088741401,727,6,2,False,False
activated_endothelial_cd140b,activated_endothelial_cd140b,D3,2.8133846116326735,1.4923067938063168,73,6,2,False,False
activated_endothelial_cd140b,activated_endothelial_cd44,D3,0.7233017131683764,-0.467330526142131,73,6,2,False,False
activated_endothelial_cd140b,activated_fibroblast_cd140b,D3,0.8448846598953255,-0.2431736907169995,73,6,2,False,False
activated_endothelial_cd140b,activated_fibroblast_cd44,D3,,,60,5,1,False,True
activated_endothelial_cd140b,activated_immune,D3,,,23,2,1,False,True
activated_endothelial_cd140b,activated_m2_cd140b,D3,2.161656183139043,1.1121370770387844,73,6,2,False,False
activated_endothelial_cd140b,activated_m2_cd44,D3,0.5831974571474832,-0.7779436656352584,73,6,2,False,False
activated_endothelial_cd140b,activated_myeloid_cd140b,D3,,,32,3,1,False,True
activated_endothelial_cd140b,activated_myeloid_cd44,D3,,,73,6,1,False,True
activated_endothelial_cd140b,endothelial,D3,1.483481897189192,0.5689873218335293,73,6,2,False,False
activated_endothelial_cd140b,fibroblast,D3,1.0000856925829975,0.0001236229678215,73,6,2,False,False
activated_endothelial_cd140b,immune_cells,D3,0.7365682447029425,-0.4411088944962137,73,6,2,False,False
activated_endothelial_cd140b,m2_macrophage,D3,1.3278762869428522,0.4091207426728384,73,6,2,False,False
activated_endothelial_cd140b,myeloid,D3,0.5630662425486088,-0.8286234351492393,73,6,2,False,False
activated_endothelial_cd140b,neutrophil,D3,0.646897705775871,-0.62839049864739,73,6,2,False,False
activated_endothelial_cd44,activated_endothelial_cd140b,D3,0.6300650039862387,-0.6664274153371644,48,6,2,False,False
activated_endothelial_cd44,activated_endothelial_cd44,D3,2.2357510621101215,1.1607595614133783,48,6,2,False,False
activated_endothelial_cd44,activated_fibroblast_cd140b,D3,0.7570071214294206,-0.4016212226782269,48,6,2,False,False
activated_endothelial_cd44,activated_fibroblast_cd44,D3,,,36,5,1,False,True
activated_endothelial_cd44,activated_immune,D3,,,18,2,0,True,True
activated_endothelial_cd44,activated_m2_cd140b,D3,1.1094105041267035,0.1497932903737772,48,6,2,False,False
activated_endothelial_cd44,activated_m2_cd44,D3,1.147737444491837,0.198792649982373,48,6,2,False,False
activated_endothelial_cd44,activated_myeloid_cd140b,D3,,,28,3,1,False,True
activated_endothelial_cd44,activated_myeloid_cd44,D3,2.2742823520436826,1.1854113758687046,48,6,2,False,False
activated_endothelial_cd44,endothelial,D3,0.9005185786430555,-0.1511720541364768,48,6,2,False,False
activated_endothelial_cd44,fibroblast,D3,1.0523903449538248,0.0736699178209886,48,6,2,False,False
activated_endothelial_cd44,immune_cells,D3,0.784077022898923,-0.3509327121078062,48,6,2,False,False
activated_endothelial_cd44,m2_macrophage,D3,0.6984954482055691,-0.5176773806451067,48,6,2,False,False
activated_endothelial_cd44,myeloid,D3,0.7698790800271337,-0.3772962261504777,48,6,2,False,False
activated_endothelial_cd44,neutrophil,D3,1.0457307705354506,0.0645114691670184,48,6,2,False,False
activated_fibroblast_cd140b,activated_endothelial_cd140b,D3,1.0056889250744174,0.0081841265613879,92,6,2,False,False
activated_fibroblast_cd140b,activated_endothelial_cd44,D3,0.5593600308552354,-0.8381509253547383,92,6,2,False,False
activated_fibroblast_cd140b,activated_fibroblast_cd140b,D3,1.2986869070529898,0.3770536616663134,92,6,2,False,False
activated_fibroblast_cd140b,activated_fibroblast_cd44,D3,1.0865873215027766,0.1198041185936377,76,5,2,False,False
activated_fibroblast_cd140b,activated_immune,D3,,,41,2,0,False,True
activated_fibroblast_cd140b,activated_m2_cd140b,D3,1.9406097191381917,0.9565100032247272,92,6,2,False,False
activated_fibroblast_cd140b,activated_m2_cd44,D3,0.5818931948153288,-0.7811737208785292,92,6,2,False,False
activated_fibroblast_cd140b,activated_myeloid_cd140b,D3,,,52,3,1,False,True
activated_fibroblast_cd140b,activated_myeloid_cd44,D3,0.7943110478642661,-0.3322240253827221,92,6,2,False,False
activated_fibroblast_cd140b,endothelial,D3,1.0412707343115135,0.0583452235529557,92,6,2,False,False
activated_fibroblast_cd140b,fibroblast,D3,1.883051941307241,0.9130727951899906,92,6,2,False,False
activated_fibroblast_cd140b,immune_cells,D3,1.0232114331544464,0.0331042898003931,92,6,2,False,False
activated_fibroblast_cd140b,m2_macrophage,D3,1.0121029083210402,0.0173559874397002,92,6,2,False,False
activated_fibroblast_cd140b,myeloid,D3,0.928800719790772,-0.106559004641059,92,6,2,False,False
activated_fibroblast_cd140b,neutrophil,D3,0.8372271994886537,-0.2563089128566012,92,6,2,False,False
activated_fibroblast_cd44,activated_endothelial_cd140b,D3,,,14,5,1,True,True
activated_fibroblast_cd44,activated_endothelial_cd44,D3,,,14,5,1,True,True
activated_fibroblast_cd44,activated_fibroblast_cd140b,D3,,,14,5,2,True,False
activated_fibroblast_cd44,activated_fibroblast_cd44,D3,,,14,5,0,True,True
activated_fibroblast_cd44,activated_immune,D3,,,6,2,0,True,True
activated_fibroblast_cd44,activated_m2_cd140b,D3,,,14,5,0,True,True
activated_fibroblast_cd44,activated_m2_cd44,D3,,,14,5,2,True,False
activated_fibroblast_cd44,activated_myeloid_cd140b,D3,,,8,3,0,True,True
activated_fibroblast_cd44,activated_myeloid_cd44,D3,,,14,5,0,True,True
activated_fibroblast_cd44,endothelial,D3,,,14,5,2,True,False
activated_fibroblast_cd44,fibroblast,D3,,,14,5,2,True,False
activated_fibroblast_cd44,immune_cells,D3,,,14,5,2,True,False
activated_fibroblast_cd44,m2_macrophage,D3,,,14,5,2,True,False
activated_fibroblast_cd44,myeloid,D3,,,14,5,2,True,False
activated_fibroblast_cd44,neutrophil,D3,,,14,5,2,True,False
activated_immune,activated_endothelial_cd140b,D3,,,2,2,1,True,True
activated_immune,activated_endothelial_cd44,D3,,,2,2,0,True,True
activated_immune,activated_fibroblast_cd140b,D3,,,2,2,0,True,True
activated_immune,activated_fibroblast_cd44,D3,,,2,2,0,True,True
activated_immune,activated_immune,D3,,,2,2,0,True,True
activated_immune,activated_m2_cd140b,D3,,,2,2,0,True,True
activated_immune,activated_m2_cd44,D3,,,2,2,1,True,True
activated_immune,activated_myeloid_cd140b,D3,,,2,2,1,True,True
activated_immune,activated_myeloid_cd44,D3,,,2,2,0,True,True
activated_immune,endothelial,D3,,,2,2,1,True,True
activated_immune,fibroblast,D3,,,2,2,1,True,True
activated_immune,immune_cells,D3,,,2,2,0,True,True
activated_immune,m2_macrophage,D3,,,2,2,1,True,True
activated_immune,myeloid,D3,,,2,2,0,True,True
activated_immune,neutrophil,D3,,,2,2,1,True,True
activated_m2_cd140b,activated_endothelial_cd140b,D3,,,14,6,2,True,False
activated_m2_cd140b,activated_endothelial_cd44,D3,,,14,6,2,True,False
activated_m2_cd140b,activated_fibroblast_cd140b,D3,,,14,6,2,True,False
activated_m2_cd140b,activated_fibroblast_cd44,D3,,,12,5,0,True,True
activated_m2_cd140b,activated_immune,D3,,,3,2,0,True,True
activated_m2_cd140b,activated_m2_cd140b,D3,,,14,6,2,True,False
activated_m2_cd140b,activated_m2_cd44,D3,,,14,6,0,True,True
activated_m2_cd140b,activated_myeloid_cd140b,D3,,,9,3,1,True,True
activated_m2_cd140b,activated_myeloid_cd44,D3,,,14,6,1,True,True
activated_m2_cd140b,endothelial,D3,,,14,6,2,True,False
activated_m2_cd140b,fibroblast,D3,,,14,6,2,True,False
activated_m2_cd140b,immune_cells,D3,,,14,6,2,True,False
activated_m2_cd140b,m2_macrophage,D3,,,14,6,2,True,False
activated_m2_cd140b,myeloid,D3,,,14,6,1,True,True
activated_m2_cd140b,neutrophil,D3,,,14,6,2,True,False
activated_m2_cd44,activated_endothelial_cd140b,D3,0.8012840427997139,-0.319614348510103,81,6,2,False,False
activated_m2_cd44,activated_endothelial_cd44,D3,1.0073596248688677,0.0105788138248786,81,6,2,False,False
activated_m2_cd44,activated_fibroblast_cd140b,D3,0.641783719218094,-0.639840903119371,81,6,2,False,False
activated_m2_cd44,activated_fibroblast_cd44,D3,1.2718035628484696,0.346875855536181,74,5,2,False,False
activated_m2_cd44,activated_immune,D3,,,48,2,1,False,True
activated_m2_cd44,activated_m2_cd140b,D3,1.6432077874447304,0.7165149239652353,81,6,2,False,False
activated_m2_cd44,activated_m2_cd44,D3,1.7485124722620895,0.8061280869172365,81,6,2,False,False
activated_m2_cd44,activated_myeloid_cd140b,D3,,,56,3,1,False,True
activated_m2_cd44,activated_myeloid_cd44,D3,1.5514608745661358,0.6336273147969294,81,6,2,False,False
activated_m2_cd44,endothelial,D3,0.7531618349431555,-0.4089681989358394,81,6,2,False,False
activated_m2_cd44,fibroblast,D3,0.7794464497762232,-0.3594781858784753,81,6,2,False,False
activated_m2_cd44,immune_cells,D3,1.142042049849682,0.191615771535039,81,6,2,False,False
activated_m2_cd44,m2_macrophage,D3,2.269002913057278,1.182058461214125,81,6,2,False,False
activated_m2_cd44,myeloid,D3,1.4013073084769898,0.4867733753250105,81,6,2,False,False
activated_m2_cd44,neutrophil,D3,1.0022419828347435,0.0032308770837767,81,6,2,False,False
activated_myeloid_cd140b,activated_endothelial_cd140b,D3,,,4,3,1,True,True
activated_myeloid_cd140b,activated_endothelial_cd44,D3,,,4,3,1,True,True
activated_myeloid_cd140b,activated_fibroblast_cd140b,D3,,,4,3,1,True,True
activated_myeloid_cd140b,activated_fibroblast_cd44,D3,,,4,3,0,True,True
activated_myeloid_cd140b,activated_immune,D3,,,2,2,1,True,True
activated_myeloid_cd140b,activated_m2_cd140b,D3,,,4,3,1,True,True
activated_myeloid_cd140b,activated_m2_cd44,D3,,,4,3,1,True,True
activated_myeloid_cd140b,activated_myeloid_cd140b,D3,,,4,3,0,True,True
activated_myeloid_cd140b,activated_myeloid_cd44,D3,,,4,3,0,True,True
activated_myeloid_cd140b,endothelial,D3,,,4,3,1,True,True
activated_myeloid_cd140b,fibroblast,D3,,,4,3,1,True,True
activated_myeloid_cd140b,immune_cells,D3,,,4,3,1,True,True
activated_myeloid_cd140b,m2_macrophage,D3,,,4,3,0,True,True
activated_myeloid_cd140b,myeloid,D3,,,4,3,1,True,True
activated_myeloid_cd140b,neutrophil,D3,,,4,3,1,True,True
activated_myeloid_cd44,activated_endothelial_cd140b,D3,,,27,6,1,False,True
activated_myeloid_cd44,activated_endothelial_cd44,D3,2.2294516243808804,1.156688895761717,27,6,2,False,False
activated_myeloid_cd44,activated_fibroblast_cd140b,D3,0.7177410543395861,-0.4784646505630113,27,6,2,False,False
activated_myeloid_cd44,activated_fibroblast_cd44,D3,,,22,5,0,False,True
activated_myeloid_cd44,activated_immune,D3,,,12,2,0,True,True
activated_myeloid_cd44,activated_m2_cd140b,D3,,,27,6,1,False,True
activated_myeloid_cd44,activated_m2_cd44,D3,1.420555220576296,0.5064549138246304,27,6,2,False,False
activated_myeloid_cd44,activated_myeloid_cd140b,D3,,,15,3,0,True,True
activated_myeloid_cd44,activated_myeloid_cd44,D3,4.840675867804294,2.2752084944121416,27,6,2,False,False
activated_myeloid_cd44,endothelial,D3,0.6847114938534592,-0.5464318645718041,27,6,2,False,False
activated_myeloid_cd44,fibroblast,D3,1.0018105102020518,0.0026096524010449,27,6,2,False,False
activated_myeloid_cd44,immune_cells,D3,1.4032077259281488,0.4887285962586971,27,6,2,False,False
activated_myeloid_cd44,m2_macrophage,D3,2.079757919170188,1.0564156105116052,27,6,2,False,False
activated_myeloid_cd44,myeloid,D3,1.6430915405514672,0.7164128585112026,27,6,2,False,False
activated_myeloid_cd44,neutrophil,D3,0.9377554965143612,-0.092716280833439,27,6,2,False,False
endothelial,activated_endothelial_cd140b,D3,1.6517587129317557,0.7240029548682267,416,6,2,False,False
endothelial,activated_endothelial_cd44,D3,0.8992565238198359,-0.1531953741954481,416,6,2,False,False
endothelial,activated_fibroblast_cd140b,D3,1.0842179057517565,0.1166547381993301,416,6,2,False,False
endothelial,activated_fibroblast_cd44,D3,0.8277121553911349,-0.2727989505791122,362,5,2,False,False
endothelial,activated_immune,D3,,,166,2,1,False,True
endothelial,activated_m2_cd140b,D3,1.042071138586934,0.0594537687712817,416,6,2,False,False
endothelial,activated_m2_cd44,D3,0.6490765953520655,-0.6235393590138946,416,6,2,False,False
endothelial,activated_myeloid_cd140b,D3,,,213,3,1,False,True
endothelial,activated_myeloid_cd44,D3,0.8022553438073702,-0.3178666005844353,416,6,2,False,False
endothelial,endothelial,D3,1.5354765194729132,0.6186864507709711,416,6,2,False,False
endothelial,fibroblast,D3,1.225967851822206,0.2939211481765115,416,6,2,False,False
endothelial,immune_cells,D3,0.83247887799645,-0.2645144269032869,416,6,2,False,False
endothelial,m2_macrophage,D3,0.8678082578028384,-0.204551780414522,416,6,2,False,False
endothelial,myeloid,D3,1.166407796697715,0.2220722683127545,416,6,2,False,False
endothelial,neutrophil,D3,0.661849774909988,-0.5954243001914745,416,6,2,False,False
fibroblast,activated_endothelial_cd140b,D3,0.9512943546279928,-0.0720362782448629,101,6,2,False,False
fibroblast,activated_endothelial_cd44,D3,0.7640138470752522,-0.3883293088177488,101,6,2,False,False
fibroblast,activated_fibroblast_cd140b,D3,1.767741129743701,0.8219070201029681,101,6,2,False,False
fibroblast,activated_fibroblast_cd44,D3,1.2357646864323737,0.3054040522735578,96,5,2,False,False
fibroblast,activated_immune,D3,,,64,2,1,False,True
fibroblast,activated_m2_cd140b,D3,1.512944149663166,0.5973587314468,101,6,2,False,False
fibroblast,activated_m2_cd44,D3,0.5635553926941888,-0.8273706728880761,101,6,2,False,False
fibroblast,activated_myeloid_cd140b,D3,,,68,3,1,False,True
fibroblast,activated_myeloid_cd44,D3,0.5702641957642532,-0.8102976394459107,101,6,2,False,False
fibroblast,endothelial,D3,1.164833761989006,0.2201240768822595,101,6,2,False,False
fibroblast,fibroblast,D3,1.4622745030050883,0.5482141641975629,101,6,2,False,False
fibroblast,immune_cells,D3,0.960537431789315,-0.058086258607626,101,6,2,False,False
fibroblast,m2_macrophage,D3,0.7611013156661853,-0.3938395808694118,101,6,2,False,False
fibroblast,myeloid,D3,1.466775002852094,0.5526475846005734,101,6,2,False,False
fibroblast,neutrophil,D3,0.8459965586684777,-0.2412763001024435,101,6,2,False,False
immune_cells,activated_endothelial_cd140b,D3,0.6534445820344158,-0.6138632071670661,149,6,2,False,False
immune_cells,activated_endothelial_cd44,D3,0.5996029025012761,-0.7379207279223667,149,6,2,False,False
immune_cells,activated_fibroblast_cd140b,D3,0.892942430078054,-0.1633609301995795,149,6,2,False,False
immune_cells,activated_fibroblast_cd44,D3,1.183175151368582,0.2426636588902531,128,5,2,False,False
immune_cells,activated_immune,D3,,,53,2,1,False,True
immune_cells,activated_m2_cd140b,D3,1.3537404060956313,0.4369511135475075,149,6,2,False,False
immune_cells,activated_m2_cd44,D3,1.0350072686545722,0.0496408995266129,149,6,2,False,False
immune_cells,activated_myeloid_cd140b,D3,,,66,3,1,False,True
immune_cells,activated_myeloid_cd44,D3,1.1684274681367457,0.2245681794718378,149,6,2,False,False
immune_cells,endothelial,D3,0.832735382958096,-0.2640699694568983,149,6,2,False,False
immune_cells,fibroblast,D3,0.8393922060718844,-0.2525830273195369,149,6,2,False,False
immune_cells,immune_cells,D3,1.3992571752813996,0.4846611457799122,149,6,2,False,False
immune_cells,m2_macrophage,D3,1.523262682174474,0.6071647518005239,149,6,2,False,False
immune_cells,myeloid,D3,1.0698314431494762,0.0973835113104315,149,6,2,False,False
immune_cells,neutrophil,D3,0.9135545485474352,-0.1304372198174989,149,6,2,False,False
m2_macrophage,activated_endothelial_cd140b,D3,1.2660375460396371,0.3403201904550195,70,6,2,False,False
m2_macrophage,activated_endothelial_cd44,D3,0.4355449003231997,-1.1991066409666782,70,6,2,False,False
m2_macrophage,activated_fibroblast_cd140b,D3,0.7883960233141547,-0.3430075954712315,70,6,2,False,False
m2_macrophage,activated_fibroblast_cd44,D3,1.563931697019143,0.645177505916653,63,5,2,False,False
m2_macrophage,activated_immune,D3,,,39,2,1,False,True
m2_macrophage,activated_m2_cd140b,D3,2.753995803736669,1.4615263612401574,70,6,2,False,False
m2_macrophage,activated_m2_cd44,D3,2.424963766536621,1.2779631909168938,70,6,2,False,False
m2_macrophage,activated_myeloid_cd140b,D3,,,45,3,1,False,True
m2_macrophage,activated_myeloid_cd44,D3,1.716640890827378,0.7795882692709917,70,6,2,False,False
m2_macrophage,endothelial,D3,0.7861182650124345,-0.3471817245000532,70,6,2,False,False
m2_macrophage,fibroblast,D3,0.7879395108134225,-0.3438432149507954,70,6,2,False,False
m2_macrophage,immune_cells,D3,1.35708807543753,0.4405143551514229,70,6,2,False,False
m2_macrophage,m2_macrophage,D3,1.1301659873783905,0.1765346766947863,70,6,2,False,False
m2_macrophage,myeloid,D3,0.8838794834721568,-0.1780784226122551,70,6,2,False,False
m2_macrophage,neutrophil,D3,0.951098450309908,-0.0723334095086643,70,6,2,False,False
myeloid,activated_endothelial_cd140b,D3,0.6615873619125147,-0.5959964194475353,41,6,2,False,False
myeloid,activated_endothelial_cd44,D3,0.904875858723012,-0.1442082146135973,41,6,2,False,False
myeloid,activated_fibroblast_cd140b,D3,0.7750916027777295,-0.3675612721603403,41,6,2,False,False
myeloid,activated_fibroblast_cd44,D3,2.8702472024708734,1.5211749955840703,32,5,2,False,False
myeloid,activated_immune,D3,,,16,2,0,True,True
myeloid,activated_m2_cd140b,D3,,,41,6,1,False,True
myeloid,activated_m2_cd44,D3,1.3239034009555526,0.4047978592700647,41,6,2,False,False
myeloid,activated_myeloid_cd140b,D3,,,22,3,0,False,True
myeloid,activated_myeloid_cd44,D3,2.3236823408683875,1.2164128585112028,41,6,2,False,False
myeloid,endothelial,D3,1.2215527700140931,0.2887161881186519,41,6,2,False,False
myeloid,fibroblast,D3,1.1693921566968484,0.2257588200720557,41,6,2,False,False
myeloid,immune_cells,D3,1.1028392959593751,0.1412225789493973,41,6,2,False,False
myeloid,m2_macrophage,D3,0.9437184036703238,-0.0835716571582728,41,6,2,False,False
myeloid,myeloid,D3,,,41,6,1,False,True
myeloid,neutrophil,D3,0.8051334603387083,-0.3127001481696351,41,6,2,False,False
neutrophil,activated_endothelial_cd140b,D3,0.6428805594759355,-0.6373773701771286,865,6,2,False,False
neutrophil,activated_endothelial_cd44,D3,0.9285874387078612,-0.1068903296369412,865,6,2,False,False
neutrophil,activated_fibroblast_cd140b,D3,0.8036896455707043,-0.315289599996024,865,6,2,False,False
neutrophil,activated_fibroblast_cd44,D3,0.9691449294706332,-0.0452156672306865,745,5,2,False,False
neutrophil,activated_immune,D3,,,330,2,1,False,True
neutrophil,activated_m2_cd140b,D3,0.6898655385244361,-0.5356129008338336,865,6,2,False,False
neutrophil,activated_m2_cd44,D3,0.943382063409643,-0.0840859238226484,865,6,2,False,False
neutrophil,activated_myeloid_cd140b,D3,,,421,3,1,False,True
neutrophil,activated_myeloid_cd44,D3,1.018407557316937,0.0263150302270204,865,6,2,False,False
neutrophil,endothelial,D3,0.6273663910974947,-0.672619850844068,865,6,2,False,False
neutrophil,fibroblast,D3,0.8451161059299966,-0.2427785358090337,865,6,2,False,False
neutrophil,immune_cells,D3,0.8876062042922832,-0.1720083430008988,865,6,2,False,False
neutrophil,m2_macrophage,D3,0.9841687118034792,-0.0230224431251365,865,6,2,False,False
neutrophil,myeloid,D3,0.8728949735895644,-0.1961200151410242,865,6,2,False,False
neutrophil,neutrophil,D3,1.2657659153614482,0.3400106243770404,865,6,2,False,False
activated_endothelial_cd140b,activated_endothelial_cd140b,D7,3.2676930417288443,1.7082724669674276,111,6,2,False,False
activated_endothelial_cd140b,activated_endothelial_cd44,D7,,,111,6,1,False,True
activated_endothelial_cd140b,activated_fibroblast_cd140b,D7,1.815681327186487,0.860511015387172,111,6,2,False,False
activated_endothelial_cd140b,activated_fibroblast_cd44,D7,0.4311071284688163,-1.2138816768349234,111,6,2,False,False
activated_endothelial_cd140b,activated_immune,D7,,,50,2,1,False,True
activated_endothelial_cd140b,activated_m2_cd140b,D7,1.2607137101715291,0.3342406977052402,111,6,2,False,False
activated_endothelial_cd140b,activated_m2_cd44,D7,0.6455781141533512,-0.6313364244774119,111,6,2,False,False
activated_endothelial_cd140b,activated_myeloid_cd140b,D7,1.4297535242444814,0.5157664616900166,111,6,2,False,False
activated_endothelial_cd140b,activated_myeloid_cd44,D7,1.0791488333925765,0.1098938512854424,111,6,2,False,False
activated_endothelial_cd140b,endothelial,D7,1.4593858080664248,0.5453613293181238,111,6,2,False,False
activated_endothelial_cd140b,fibroblast,D7,0.8786919924773415,-0.1865705481730842,111,6,2,False,False
activated_endothelial_cd140b,immune_cells,D7,0.9283828333479586,-0.1072082487158919,111,6,2,False,False
activated_endothelial_cd140b,m2_macrophage,D7,0.6567748667914023,-0.6065291752155851,111,6,2,False,False
activated_endothelial_cd140b,myeloid,D7,1.0489297615640016,0.0689180754023709,111,6,2,False,False
activated_endothelial_cd140b,neutrophil,D7,0.5335023575681548,-0.906433448496762,111,6,2,False,False
activated_endothelial_cd44,activated_endothelial_cd140b,D7,0.4643922030605088,-1.106584344691564,35,6,2,False,False
activated_endothelial_cd44,activated_endothelial_cd44,D7,,,35,6,1,False,True
activated_endothelial_cd44,activated_fibroblast_cd140b,D7,0.7753148139414864,-0.3671458641256787,35,6,2,False,False
activated_endothelial_cd44,activated_fibroblast_cd44,D7,,,35,6,1,False,True
activated_endothelial_cd44,activated_immune,D7,,,7,2,1,True,True
activated_endothelial_cd44,activated_m2_cd140b,D7,0.8594156375673171,-0.2185720668614191,35,6,2,False,False
activated_endothelial_cd44,activated_m2_cd44,D7,0.8119794060776125,-0.3004849575341385,35,6,2,False,False
activated_endothelial_cd44,activated_myeloid_cd140b,D7,,,35,6,1,False,True
activated_endothelial_cd44,activated_myeloid_cd44,D7,2.5181185302970945,1.3323461937190064,35,6,2,False,False
activated_endothelial_cd44,endothelial,D7,0.7652648108621006,-0.3859690330827861,35,6,2,False,False
activated_endothelial_cd44,fibroblast,D7,0.7649211438484715,-0.386617067660662,35,6,2,False,False
activated_endothelial_cd44,immune_cells,D7,1.7722232023432056,0.8255603153121615,35,6,2,False,False
activated_endothelial_cd44,m2_macrophage,D7,0.5249812540115237,-0.929662186827576,35,6,2,False,False
activated_endothelial_cd44,myeloid,D7,0.8978542647535164,-0.1554468020144287,35,6,2,False,False
activated_endothelial_cd44,neutrophil,D7,1.074164362780837,0.103214763552449,35,6,2,False,False
activated_fibroblast_cd140b,activated_endothelial_cd140b,D7,1.9084130469967795,0.9323734545522367,59,6,2,False,False
activated_fibroblast_cd140b,activated_endothelial_cd44,D7,1.3099236863019508,0.3894827655026498,59,6,2,False,False
activated_fibroblast_cd140b,activated_fibroblast_cd140b,D7,2.00142392377367,1.001026778413247,59,6,2,False,False
activated_fibroblast_cd140b,activated_fibroblast_cd44,D7,1.508534211062133,0.593147414794208,59,6,2,False,False
activated_fibroblast_cd140b,activated_immune,D7,,,9,2,0,True,True
activated_fibroblast_cd140b,activated_m2_cd140b,D7,1.1002841867822517,0.1378761982127917,59,6,2,False,False
activated_fibroblast_cd140b,activated_m2_cd44,D7,0.4800439602189251,-1.058761567624734,59,6,2,False,False
activated_fibroblast_cd140b,activated_myeloid_cd140b,D7,,,59,6,1,False,True
activated_fibroblast_cd140b,activated_myeloid_cd44,D7,1.4427175134202164,0.5287888453011276,59,6,2,False,False
activated_fibroblast_cd140b,endothelial,D7,0.9300594466598427,-0.1046051629027983,59,6,2,False,False
activated_fibroblast_cd140b,fibroblast,D7,2.1474207865069803,1.1026049145901384,59,6,2,False,False
activated_fibroblast_cd140b,immune_cells,D7,1.0841047820480496,0.1165042043259254,59,6,2,False,False
activated_fibroblast_cd140b,m2_macrophage,D7,0.4890283738510212,-1.0320099208620015,59,6,2,False,False
activated_fibroblast_cd140b,myeloid,D7,,,59,6,1,False,True
activated_fibroblast_cd140b,neutrophil,D7,0.8493583509131997,-0.2355547283779008,59,6,2,False,False
activated_fibroblast_cd44,activated_endothelial_cd140b,D7,0.4311071284688163,-1.2138816768349234,32,6,2,False,False
activated_fibroblast_cd44,activated_endothelial_cd44,D7,,,32,6,1,False,True
activated_fibroblast_cd44,activated_fibroblast_cd140b,D7,1.2976405455445983,0.3758908032299841,32,6,2,False,False
activated_fibroblast_cd44,activated_fibroblast_cd44,D7,3.3108307114680455,1.727193245114429,32,6,2,False,False
activated_fibroblast_cd44,activated_immune,D7,,,8,2,0,True,True
activated_fibroblast_cd44,activated_m2_cd140b,D7,2.0314442027836312,1.0225057389362884,32,6,2,False,False
activated_fibroblast_cd44,activated_m2_cd44,D7,0.6810194803584435,-0.554232028199853,32,6,2,False,False
activated_fibroblast_cd44,activated_myeloid_cd140b,D7,,,32,6,1,False,True
activated_fibroblast_cd44,activated_myeloid_cd44,D7,2.842250062303925,1.507033489054745,32,6,2,False,False
activated_fibroblast_cd44,endothelial,D7,0.6784177120820565,-0.5597542587135879,32,6,2,False,False
activated_fibroblast_cd44,fibroblast,D7,1.522387544314416,0.6063356631057245,32,6,2,False,False
activated_fibroblast_cd44,immune_cells,D7,1.2522777357407933,0.3245545650975693,32,6,2,False,False
activated_fibroblast_cd44,m2_macrophage,D7,1.104583094311633,0.1435019521853719,32,6,2,False,False
activated_fibroblast_cd44,myeloid,D7,3.1731404995088544,1.6659114019542904,32,6,2,False,False
activated_fibroblast_cd44,neutrophil,D7,1.1140396042221263,0.1558005215462015,32,6,2,False,False
activated_immune,activated_endothelial_cd140b,D7,,,6,2,1,True,True
activated_immune,activated_endothelial_cd44,D7,,,6,2,1,True,True
activated_immune,activated_fibroblast_cd140b,D7,,,6,2,0,True,True
activated_immune,activated_fibroblast_cd44,D7,,,6,2,0,True,True
activated_immune,activated_immune,D7,,,6,2,0,True,True
activated_immune,activated_m2_cd140b,D7,,,6,2,0,True,True
activated_immune,activated_m2_cd44,D7,,,6,2,1,True,True
activated_immune,activated_myeloid_cd140b,D7,,,6,2,0,True,True
activated_immune,activated_myeloid_cd44,D7,,,6,2,1,True,True
activated_immune,endothelial,D7,,,6,2,1,True,True
activated_immune,fibroblast,D7,,,6,2,0,True,True
activated_immune,immune_cells,D7,,,6,2,1,True,True
activated_immune,m2_macrophage,D7,,,6,2,1,True,True
activated_immune,myeloid,D7,,,6,2,1,True,True
activated_immune,neutrophil,D7,,,6,2,1,True,True
activated_m2_cd140b,activated_endothelial_cd140b,D7,1.2816721896260146,0.3580273143155384,38,6,2,False,False
activated_m2_cd140b,activated_endothelial_cd44,D7,0.6076986251816102,-0.7185720668614191,38,6,2,False,False
activated_m2_cd140b,activated_fibroblast_cd140b,D7,1.471608765258995,0.5573941744909511,38,6,2,False,False
activated_m2_cd140b,activated_fibroblast_cd44,D7,2.069431564591507,1.0492345399154162,38,6,2,False,False
activated_m2_cd140b,activated_immune,D7,,,9,2,0,True,True
activated_m2_cd140b,activated_m2_cd140b,D7,2.9133347659434756,1.5426714884391703,38,6,2,False,False
activated_m2_cd140b,activated_m2_cd44,D7,0.7794551995922014,-0.3594619907373312,38,6,2,False,False
activated_m2_cd140b,activated_myeloid_cd140b,D7,3.731447598954583,1.8997354263730608,38,6,2,False,False
activated_m2_cd140b,activated_myeloid_cd44,D7,1.5905846099484031,0.6695571169929873,38,6,2,False,False
activated_m2_cd140b,endothelial,D7,0.6870550410819557,-0.5415024145992028,38,6,2,False,False
activated_m2_cd140b,fibroblast,D7,0.8558383559372953,-0.2245897575004909,38,6,2,False,False
activated_m2_cd140b,immune_cells,D7,0.7555669056942215,-0.4043685827275743,38,6,2,False,False
activated_m2_cd140b,m2_macrophage,D7,2.1100985743062015,1.0773103967243547,38,6,2,False,False
activated_m2_cd140b,myeloid,D7,2.2703580317834957,1.182919826127804,38,6,2,False,False
activated_m2_cd140b,neutrophil,D7,0.9501374749458914,-0.0737918234716351,38,6,2,False,False
activated_m2_cd44,activated_endothelial_cd140b,D7,0.4355313505702745,-1.1991515237454982,73,6,2,False,False
activated_m2_cd44,activated_endothelial_cd44,D7,0.6578186516450873,-0.6042381802768511,73,6,2,False,False
activated_m2_cd44,activated_fibroblast_cd140b,D7,0.4679129409591048,-1.0956879653570195,73,6,2,False,False
activated_m2_cd44,activated_fibroblast_cd44,D7,0.7377838279899783,-0.4387299289697906,73,6,2,False,False
activated_m2_cd44,activated_immune,D7,,,22,2,1,False,True
activated_m2_cd44,activated_m2_cd140b,D7,0.619877904620957,-0.6899440144591715,73,6,2,False,False
activated_m2_cd44,activated_m2_cd44,D7,1.693919038961966,0.760364922557174,73,6,2,False,False
activated_m2_cd44,activated_myeloid_cd140b,D7,,,73,6,0,False,True
activated_m2_cd44,activated_myeloid_cd44,D7,2.0702997085926533,1.0498396357445607,73,6,2,False,False
activated_m2_cd44,endothelial,D7,0.4502874815409363,-1.151081725068711,73,6,2,False,False
activated_m2_cd44,fibroblast,D7,0.6205510093848052,-0.6883782899115541,73,6,2,False,False
activated_m2_cd44,immune_cells,D7,1.3222301733251525,0.4029733425110833,73,6,2,False,False
activated_m2_cd44,m2_macrophage,D7,1.7359556016647972,0.7957300502725315,73,6,2,False,False
activated_m2_cd44,myeloid,D7,1.3707325129320629,0.4549470686249597,73,6,2,False,False
activated_m2_cd44,neutrophil,D7,1.1582890407805304,0.2119953100346749,73,6,2,False,False
activated_myeloid_cd140b,activated_endothelial_cd140b,D7,,,13,6,2,True,False
activated_myeloid_cd140b,activated_endothelial_cd44,D7,,,13,6,1,True,True
activated_myeloid_cd140b,activated_fibroblast_cd140b,D7,,,13,6,2,True,False
activated_myeloid_cd140b,activated_fibroblast_cd44,D7,,,13,6,1,True,True
activated_myeloid_cd140b,activated_immune,D7,,,3,2,0,True,True
activated_myeloid_cd140b,activated_m2_cd140b,D7,,,13,6,2,True,False
activated_myeloid_cd140b,activated_m2_cd44,D7,,,13,6,0,True,True
activated_myeloid_cd140b,activated_myeloid_cd140b,D7,,,13,6,1,True,True
activated_myeloid_cd140b,activated_myeloid_cd44,D7,,,13,6,2,True,False
activated_myeloid_cd140b,endothelial,D7,,,13,6,2,True,False
activated_myeloid_cd140b,fibroblast,D7,,,13,6,1,True,True
activated_myeloid_cd140b,immune_cells,D7,,,13,6,2,True,False
activated_myeloid_cd140b,m2_macrophage,D7,,,13,6,2,True,False
activated_myeloid_cd140b,myeloid,D7,,,13,6,2,True,False
activated_myeloid_cd140b,neutrophil,D7,,,13,6,2,True,False
activated_myeloid_cd44,activated_endothelial_cd140b,D7,2.480405593605846,1.3105760480475317,28,6,2,False,False
activated_myeloid_cd44,activated_endothelial_cd44,D7,2.9945644726495004,1.5823461937190066,28,6,2,False,False
activated_myeloid_cd44,activated_fibroblast_cd140b,D7,1.4427175134202164,0.5287888453011277,28,6,2,False,False
activated_myeloid_cd44,activated_fibroblast_cd44,D7,2.8422500623039255,1.5070334890547452,28,6,2,False,False
activated_myeloid_cd44,activated_immune,D7,,,12,2,1,True,True
activated_myeloid_cd44,activated_m2_cd140b,D7,1.2024464421094567,0.265972636678192,28,6,2,False,False
activated_myeloid_cd44,activated_m2_cd44,D7,1.8220950722123364,0.8655982372030093,28,6,2,False,False
activated_myeloid_cd44,activated_myeloid_cd140b,D7,4.171790896691046,2.060666847247152,28,6,2,False,False
activated_myeloid_cd44,activated_myeloid_cd44,D7,5.335624217156409,2.4156570624865816,28,6,2,False,False
activated_myeloid_cd44,endothelial,D7,0.5001863652940054,-0.999462363619628,28,6,2,False,False
activated_myeloid_cd44,fibroblast,D7,,,28,6,1,False,True
activated_myeloid_cd44,immune_cells,D7,0.9566635862914892,-0.063916409167734,28,6,2,False,False
activated_myeloid_cd44,m2_macrophage,D7,1.3980934897564417,0.4834608361770894,28,6,2,False,False
activated_myeloid_cd44,myeloid,D7,1.9657160803489293,0.9750549600038704,28,6,2,False,False
activated_myeloid_cd44,neutrophil,D7,1.124592280563879,0.1694020490654852,28,6,2,False,False
endothelial,activated_endothelial_cd140b,D7,1.412780397691996,0.4985372308646312,576,6,2,False,False
endothelial,activated_endothelial_cd44,D7,0.9184789794787134,-0.122681391023618,576,6,2,False,False
endothelial,activated_fibroblast_cd140b,D7,0.8797450242236765,-0.1848426456715893,576,6,2,False,False
endothelial,activated_fibroblast_cd44,D7,0.6972891606514077,-0.520171039759145,576,6,2,False,False
endothelial,activated_immune,D7,,,209,2,1,False,True
endothelial,activated_m2_cd140b,D7,0.8068935837247323,-0.309549677091832,576,6,2,False,False
endothelial,activated_m2_cd44,D7,0.4970863654880874,-1.0084315625432478,576,6,2,False,False
endothelial,activated_myeloid_cd140b,D7,0.578793637392724,-0.7888790322997176,576,6,2,False,False
endothelial,activated_myeloid_cd44,D7,0.5846934189780272,-0.7742477417458712,576,6,2,False,False
endothelial,endothelial,D7,1.8146205490240648,0.8596679012384598,576,6,2,False,False
endothelial,fibroblast,D7,1.2796489871948218,0.3557481275054751,576,6,2,False,False
endothelial,immune_cells,D7,1.29250984031375,0.3701752643064043,576,6,2,False,False
endothelial,m2_macrophage,D7,0.7651527416142814,-0.3861803241099865,576,6,2,False,False
endothelial,myeloid,D7,0.7415598593929478,-0.4313649418382324,576,6,2,False,False
endothelial,neutrophil,D7,0.5389564700016817,-0.891759339625251,576,6,2,False,False
fibroblast,activated_endothelial_cd140b,D7,0.8578771637985307,-0.2211570064463212,99,6,2,False,False
fibroblast,activated_endothelial_cd44,D7,0.5408809278882248,-0.886617067660662,99,6,2,False,False
fibroblast,activated_fibroblast_cd140b,D7,2.6445010695457754,1.4029955588650038,99,6,2,False,False
fibroblast,activated_fibroblast_cd44,D7,1.535345202339892,0.618563063225961,99,6,2,False,False
fibroblast,activated_immune,D7,,,31,2,0,False,True
fibroblast,activated_m2_cd140b,D7,0.3820349056310306,-1.38822363495052,99,6,2,False,False
fibroblast,activated_m2_cd44,D7,0.4182532899461352,-1.257551206458028,99,6,2,False,False
fibroblast,activated_myeloid_cd140b,D7,,,99,6,1,False,True
fibroblast,activated_myeloid_cd44,D7,0.9309975078944768,-0.1031507889218666,99,6,2,False,False
fibroblast,endothelial,D7,1.415944347048432,0.501764562161659,99,6,2,False,False
fibroblast,fibroblast,D7,2.5316064850260434,1.3400531685013453,99,6,2,False,False
fibroblast,immune_cells,D7,0.7968128349843687,-0.3276872085014951,99,6,2,False,False
fibroblast,m2_macrophage,D7,0.5510614748579219,-0.8597148241390129,99,6,2,False,False
fibroblast,myeloid,D7,0.8126072243738054,-0.299369904177662,99,6,2,False,False
fibroblast,neutrophil,D7,0.6194110153838976,-0.6910310552741818,99,6,2,False,False
immune_cells,activated_endothelial_cd140b,D7,1.067226871570606,0.0938668975286791,84,6,2,False,False
immune_cells,activated_endothelial_cd44,D7,1.7722232023432056,0.8255603153121615,84,6,2,False,False
immune_cells,activated_fibroblast_cd140b,D7,0.7478653398782741,-0.4191495720727735,84,6,2,False,False
immune_cells,activated_fibroblast_cd44,D7,0.8854940788712502,-0.1754454349024306,84,6,2,False,False
immune_cells,activated_immune,D7,,,28,2,1,False,True
immune_cells,activated_m2_cd140b,D7,1.246511496926382,0.3178961892732043,84,6,2,False,False
immune_cells,activated_m2_cd44,D7,1.59072574397197,0.6696851229612093,84,6,2,False,False
immune_cells,activated_myeloid_cd140b,D7,,,84,6,1,False,True
immune_cells,activated_myeloid_cd44,D7,1.1013271132504858,0.1392430379962334,84,6,2,False,False
immune_cells,endothelial,D7,1.2593749191639367,0.3327078410376938,84,6,2,False,False
immune_cells,fibroblast,D7,0.9612579760067332,-0.057004431048143,84,6,2,False,False
immune_cells,immune_cells,D7,2.2311505018285036,1.1577878335812872,84,6,2,False,False
immune_cells,m2_macrophage,D7,1.6347584020770063,0.7090774382431984,84,6,2,False,False
immune_cells,myeloid,D7,1.3772295794948108,0.4617690718846863,84,6,2,False,False
immune_cells,neutrophil,D7,0.5331544814323744,-0.9073744806551424,84,6,2,False,False
m2_macrophage,activated_endothelial_cd140b,D7,0.5993167565030124,-0.7386093836090148,97,6,2,False,False
m2_macrophage,activated_endothelial_cd44,D7,0.6488405626900566,-0.624064081493464,97,6,2,False,False
m2_macrophage,activated_fibroblast_cd140b,D7,0.5556435091216388,-0.8477685223204499,97,6,2,False,False
m2_macrophage,activated_fibroblast_cd44,D7,1.3135780748671155,0.3935019521853719,97,6,2,False,False
m2_macrophage,activated_immune,D7,,,20,2,1,False,True
m2_macrophage,activated_m2_cd140b,D7,2.214626202036984,1.1470632125608156,97,6,2,False,False
m2_macrophage,activated_m2_cd44,D7,1.5387185436108015,0.6217293636533072,97,6,2,False,False
m2_macrophage,activated_myeloid_cd140b,D7,0.957413492663025,-0.0627859570343312,97,6,2,False,False
m2_macrophage,activated_myeloid_cd44,D7,1.1919501267284158,0.2533238721869342,97,6,2,False,False
m2_macrophage,endothelial,D7,0.8625978219916336,-0.2132400215298065,97,6,2,False,False
m2_macrophage,fibroblast,D7,0.7759159308341496,-0.3660277475509921,97,6,2,False,False
m2_macrophage,immune_cells,D7,1.6973216648905152,0.7632600005708726,97,6,2,False,False
m2_macrophage,m2_macrophage,D7,1.7756846032075349,0.8283753531990439,97,6,2,False,False
m2_macrophage,myeloid,D7,1.6789238457989997,0.7475367926455089,97,6,2,False,False
m2_macrophage,neutrophil,D7,0.7628561777926339,-0.3905170052501369,97,6,2,False,False
myeloid,activated_endothelial_cd140b,D7,0.9133250727648596,-0.1307996559314114,67,6,2,False,False
myeloid,activated_endothelial_cd44,D7,0.8449314258767727,-0.2430938369978858,67,6,2,False,False
myeloid,activated_fibroblast_cd140b,D7,,,67,6,1,False,True
myeloid,activated_fibroblast_cd44,D7,1.7606843754278496,0.8161363113178087,67,6,2,False,False
myeloid,activated_immune,D7,,,17,2,1,True,True
myeloid,activated_m2_cd140b,D7,1.9091359302692203,0.932919826127804,67,6,2,False,False
myeloid,activated_m2_cd44,D7,1.5289477494645063,0.6125391046212304,67,6,2,False,False
myeloid,activated_myeloid_cd140b,D7,1.7108403286285685,0.7747051205257924,67,6,2,False,False
myeloid,activated_myeloid_cd44,D7,2.1724656092334373,1.1193333389356095,67,6,2,False,False
myeloid,endothelial,D7,0.7941275203499074,-0.332557402123011,67,6,2,False,False
myeloid,fibroblast,D7,1.0081368330634255,0.0116914671954088,67,6,2,False,False
myeloid,immune_cells,D7,1.3407907978921847,0.4230841526874409,67,6,2,False,False
myeloid,m2_macrophage,D7,1.600453438635359,0.6784807057326122,67,6,2,False,False
myeloid,myeloid,D7,2.0449047658017228,1.032033656318689,67,6,2,False,False
myeloid,neutrophil,D7,0.8716715942410618,-0.1981433986462056,67,6,2,False,False
neutrophil,activated_endothelial_cd140b,D7,0.4614554744397914,-1.1157366450745825,1006,6,2,False,False
neutrophil,activated_endothelial_cd44,D7,0.9505527760892768,-0.0731613652375841,1006,6,2,False,False
neutrophil,activated_fibroblast_cd140b,D7,0.6100335030477856,-0.7130396172059368,1006,6,2,False,False
neutrophil,activated_fibroblast_cd44,D7,1.044290026472728,0.0625224414533271,1006,6,2,False,False
neutrophil,activated_immune,D7,,,370,2,1,False,True
neutrophil,activated_m2_cd140b,D7,0.8483442487270878,-0.2372782815717037,1006,6,2,False,False
neutrophil,activated_m2_cd44,D7,1.0807845870850668,0.1120790058546102,1006,6,2,False,False
neutrophil,activated_myeloid_cd140b,D7,0.7495960414085008,-0.4158147606941643,1006,6,2,False,False
neutrophil,activated_myeloid_cd44,D7,1.0158387608559831,0.02267142831704,1006,6,2,False,False
neutrophil,endothelial,D7,0.465454196979563,-1.1032888885246177,1006,6,2,False,False
neutrophil,fibroblast,D7,0.420849883121576,-1.2486223782160375,1006,6,2,False,False
neutrophil,immune_cells,D7,0.5255637912493376,-0.9280622103695336,1006,6,2,False,False
neutrophil,m2_macrophage,D7,0.749258707298775,-0.416464150177516,1006,6,2,False,False
neutrophil,myeloid,D7,0.6007097797206308,-0.7352599433592468,1006,6,2,False,False
neutrophil,neutrophil,D7,1.477949978865567,0.563597442377307,1006,6,2,False,False
activated_endothelial_cd140b,activated_endothelial_cd140b,Sham,1.75514187641976,0.811587655107716,51,6,2,False,False
activated_endothelial_cd140b,activated_endothelial_cd44,Sham,1.104283310280415,0.1431103513742661,51,6,2,False,False
activated_endothelial_cd140b,activated_fibroblast_cd140b,Sham,1.1557707153741206,0.2088552208474281,51,6,2,False,False
activated_endothelial_cd140b,activated_fibroblast_cd44,Sham,,,41,5,1,False,True
activated_endothelial_cd140b,activated_immune,Sham,2.64542701174683,1.4035006138354025,51,6,2,False,False
activated_endothelial_cd140b,activated_m2_cd140b,Sham,1.4756919281024297,0.5613915695089507,38,4,2,False,False
activated_endothelial_cd140b,activated_m2_cd44,Sham,0.5357742973937867,-0.9003027222026811,51,6,2,False,False
activated_endothelial_cd140b,activated_myeloid_cd140b,Sham,,,41,4,1,False,True
activated_endothelial_cd140b,activated_myeloid_cd44,Sham,0.9228272858337958,-0.1158674331344221,51,6,2,False,False
activated_endothelial_cd140b,endothelial,Sham,1.6075065862314168,0.6848246485354545,51,6,2,False,False
activated_endothelial_cd140b,fibroblast,Sham,0.9261630964153802,-0.1106618218440414,51,6,2,False,False
activated_endothelial_cd140b,immune_cells,Sham,1.5368455135907635,0.6199721500787185,51,6,2,False,False
activated_endothelial_cd140b,m2_macrophage,Sham,0.7602015732584854,-0.3955460839865284,51,6,2,False,False
activated_endothelial_cd140b,myeloid,Sham,1.0078617249977808,0.0112977198458474,40,5,2,False,False
activated_endothelial_cd140b,neutrophil,Sham,0.8127511657968441,-0.2991143745923163,51,6,2,False,False
activated_endothelial_cd44,activated_endothelial_cd140b,Sham,1.3717500640983582,0.4560176432212219,53,6,2,False,False
activated_endothelial_cd44,activated_endothelial_cd44,Sham,2.167288760524676,1.1158913849143457,53,6,2,False,False
activated_endothelial_cd44,activated_fibroblast_cd140b,Sham,1.2068498197235842,0.2712461584290487,53,6,2,False,False
activated_endothelial_cd44,activated_fibroblast_cd44,Sham,1.3964595896410723,0.4817738259143546,46,5,2,False,False
activated_endothelial_cd44,activated_immune,Sham,2.149864396821711,1.1042456643716905,53,6,2,False,False
activated_endothelial_cd44,activated_m2_cd140b,Sham,,,38,4,0,False,True
activated_endothelial_cd44,activated_m2_cd44,Sham,0.6272879788982192,-0.672800179217989,53,6,2,False,False
activated_endothelial_cd44,activated_myeloid_cd140b,Sham,,,28,4,1,False,True
activated_endothelial_cd44,activated_myeloid_cd44,Sham,0.5985777063868651,-0.7403895472308472,53,6,2,False,False
activated_endothelial_cd44,endothelial,Sham,1.3552136574608813,0.4385203189295916,53,6,2,False,False
activated_endothelial_cd44,fibroblast,Sham,0.9310237641063318,-0.1031101022689181,53,6,2,False,False
activated_endothelial_cd44,immune_cells,Sham,0.8088829131488309,-0.3059972090982215,53,6,2,False,False
activated_endothelial_cd44,m2_macrophage,Sham,1.1400947521154474,0.1891537302904375,53,6,2,False,False
activated_endothelial_cd44,myeloid,Sham,0.5515541547738947,-0.8584255499808712,47,5,2,False,False
activated_endothelial_cd44,neutrophil,Sham,0.8819433060066588,-0.1812421769411978,53,6,2,False,False
activated_fibroblast_cd140b,activated_endothelial_cd140b,Sham,1.249947244074597,0.3218672050328678,117,6,2,False,False
activated_fibroblast_cd140b,activated_endothelial_cd44,Sham,1.2282293702764189,0.2965800073365571,117,6,2,False,False
activated_fibroblast_cd140b,activated_fibroblast_cd140b,Sham,1.3277074563412896,0.4089373019716601,117,6,2,False,False
activated_fibroblast_cd140b,activated_fibroblast_cd44,Sham,1.3266540968269005,0.4077922608029894,100,5,2,False,False
activated_fibroblast_cd140b,activated_immune,Sham,1.8051899222565304,0.852150629624089,117,6,2,False,False
activated_fibroblast_cd140b,activated_m2_cd140b,Sham,,,76,4,1,False,True
activated_fibroblast_cd140b,activated_m2_cd44,Sham,0.6361331611748452,-0.6525992997268226,117,6,2,False,False
activated_fibroblast_cd140b,activated_myeloid_cd140b,Sham,3.004550881705661,1.5871493539446202,72,4,2,False,False
activated_fibroblast_cd140b,activated_myeloid_cd44,Sham,0.8264448736983709,-0.2750095041591028,117,6,2,False,False
activated_fibroblast_cd140b,endothelial,Sham,1.0717100247990712,0.0999146050721055,117,6,2,False,False
activated_fibroblast_cd140b,fibroblast,Sham,1.189710939221609,0.2506110884833937,117,6,2,False,False
activated_fibroblast_cd140b,immune_cells,Sham,0.952774636994824,-0.0697930859347214,117,6,2,False,False
activated_fibroblast_cd140b,m2_macrophage,Sham,1.173663985935388,0.2310194312664781,117,6,2,False,False
activated_fibroblast_cd140b,myeloid,Sham,0.989892015442501,-0.0146569406876092,94,5,2,False,False
activated_fibroblast_cd140b,neutrophil,Sham,0.850365961650445,-0.2338442448914794,117,6,2,False,False
activated_fibroblast_cd44,activated_endothelial_cd140b,Sham,,,23,5,1,False,True
activated_fibroblast_cd44,activated_endothelial_cd44,Sham,,,23,5,1,False,True
activated_fibroblast_cd44,activated_fibroblast_cd140b,Sham,1.1265822744208311,0.1719526775898488,23,5,2,False,False
activated_fibroblast_cd44,activated_fibroblast_cd44,Sham,3.830833897216381,1.937658472679735,23,5,2,False,False
activated_fibroblast_cd44,activated_immune,Sham,,,23,5,1,False,True
activated_fibroblast_cd44,activated_m2_cd140b,Sham,,,14,3,1,True,True
activated_fibroblast_cd44,activated_m2_cd44,Sham,1.5637556423127883,0.64501508990476,23,5,2,False,False
activated_fibroblast_cd44,activated_myeloid_cd140b,Sham,,,12,3,0,True,True
activated_fibroblast_cd44,activated_myeloid_cd44,Sham,1.1729448901557848,0.2301352311271186,23,5,2,False,False
activated_fibroblast_cd44,endothelial,Sham,0.7882397806323304,-0.3432935341038782,23,5,2,False,False
activated_fibroblast_cd44,fibroblast,Sham,1.1303439358931064,0.176761816100459,23,5,2,False,False
activated_fibroblast_cd44,immune_cells,Sham,0.4081348501204589,-1.2928821891202933,23,5,2,False,False
activated_fibroblast_cd44,m2_macrophage,Sham,0.8578776238872687,-0.2211562327136812,23,5,2,False,False
activated_fibroblast_cd44,myeloid,Sham,,,19,4,2,True,False
activated_fibroblast_cd44,neutrophil,Sham,1.1356950253563798,0.1835754717470385,23,5,2,False,False
activated_immune,activated_endothelial_cd140b,Sham,,,17,6,2,True,False
activated_immune,activated_endothelial_cd44,Sham,,,17,6,2,True,False
activated_immune,activated_fibroblast_cd140b,Sham,,,17,6,2,True,False
activated_immune,activated_fibroblast_cd44,Sham,,,15,5,1,True,True
activated_immune,activated_immune,Sham,,,17,6,0,True,True
activated_immune,activated_m2_cd140b,Sham,,,11,4,1,True,True
activated_immune,activated_m2_cd44,Sham,,,17,6,2,True,False
activated_immune,activated_myeloid_cd140b,Sham,,,11,4,1,True,True
activated_immune,activated_myeloid_cd44,Sham,,,17,6,2,True,False
activated_immune,endothelial,Sham,,,17,6,2,True,False
activated_immune,fibroblast,Sham,,,17,6,2,True,False
activated_immune,immune_cells,Sham,,,17,6,2,True,False
activated_immune,m2_macrophage,Sham,,,17,6,2,True,False
activated_immune,myeloid,Sham,,,15,5,2,True,False
activated_immune,neutrophil,Sham,,,17,6,2,True,False
activated_m2_cd140b,activated_endothelial_cd140b,Sham,,,8,4,1,True,True
activated_m2_cd140b,activated_endothelial_cd44,Sham,,,8,4,1,True,True
activated_m2_cd140b,activated_fibroblast_cd140b,Sham,,,8,4,2,True,False
activated_m2_cd140b,activated_fibroblast_cd44,Sham,,,6,3,1,True,True
activated_m2_cd140b,activated_immune,Sham,,,8,4,0,True,True
activated_m2_cd140b,activated_m2_cd140b,Sham,,,8,4,0,True,True
activated_m2_cd140b,activated_m2_cd44,Sham,,,8,4,2,True,False
activated_m2_cd140b,activated_myeloid_cd140b,Sham,,,5,3,1,True,True
activated_m2_cd140b,activated_myeloid_cd44,Sham,,,8,4,1,True,True
activated_m2_cd140b,endothelial,Sham,,,8,4,2,True,False
activated_m2_cd140b,fibroblast,Sham,,,8,4,2,True,False
activated_m2_cd140b,immune_cells,Sham,,,8,4,2,True,False
activated_m2_cd140b,m2_macrophage,Sham,,,8,4,2,True,False
activated_m2_cd140b,myeloid,Sham,,,7,3,2,True,False
activated_m2_cd140b,neutrophil,Sham,,,8,4,2,True,False
activated_m2_cd44,activated_endothelial_cd140b,Sham,0.6220536073895969,-0.6848891804759181,104,6,2,False,False
activated_m2_cd44,activated_endothelial_cd44,Sham,0.745975327661439,-0.4228001792179889,104,6,2,False,False
activated_m2_cd44,activated_fibroblast_cd140b,Sham,0.7510434359680823,-0.4130317476756063,104,6,2,False,False
activated_m2_cd44,activated_fibroblast_cd44,Sham,2.1628109667999436,1.1129075769143606,75,5,2,False,False
activated_m2_cd44,activated_immune,Sham,1.035958428425063,0.0509661108349432,104,6,2,False,False
activated_m2_cd44,activated_m2_cd140b,Sham,1.5577766970185731,0.639488441876441,76,4,2,False,False
activated_m2_cd44,activated_m2_cd44,Sham,1.461039883778961,0.5469955616764837,104,6,2,False,False
activated_m2_cd44,activated_myeloid_cd140b,Sham,1.571578191554714,0.6522140530860223,78,4,2,False,False
activated_m2_cd44,activated_myeloid_cd44,Sham,1.4329409732009506,0.5189791822279833,104,6,2,False,False
activated_m2_cd44,endothelial,Sham,0.4608426274301908,-1.1176539242490893,104,6,2,False,False
activated_m2_cd44,fibroblast,Sham,0.7196067072655782,-0.4747194612528154,104,6,2,False,False
activated_m2_cd44,immune_cells,Sham,0.901652855382576,-0.1493560053274815,104,6,2,False,False
activated_m2_cd44,m2_macrophage,Sham,0.9976280662618036,-0.0034260418216762,104,6,2,False,False
activated_m2_cd44,myeloid,Sham,1.0762015018407791,0.1059482251897816,98,5,2,False,False
activated_m2_cd44,neutrophil,Sham,1.0868338286677726,0.1201313765353215,104,6,2,False,False
activated_myeloid_cd140b,activated_endothelial_cd140b,Sham,,,5,4,1,True,True
activated_myeloid_cd140b,activated_endothelial_cd44,Sham,,,5,4,1,True,True
activated_myeloid_cd140b,activated_fibroblast_cd140b,Sham,,,5,4,2,True,False
activated_myeloid_cd140b,activated_fibroblast_cd44,Sham,,,3,3,0,True,True
activated_myeloid_cd140b,activated_immune,Sham,,,5,4,1,True,True
activated_myeloid_cd140b,activated_m2_cd140b,Sham,,,4,3,1,True,True
activated_myeloid_cd140b,activated_m2_cd44,Sham,,,5,4,2,True,False
activated_myeloid_cd140b,activated_myeloid_cd140b,Sham,,,5,4,1,True,True
activated_myeloid_cd140b,activated_myeloid_cd44,Sham,,,5,4,1,True,True
activated_myeloid_cd140b,endothelial,Sham,,,5,4,1,True,True
activated_myeloid_cd140b,fibroblast,Sham,,,5,4,2,True,False
activated_myeloid_cd140b,immune_cells,Sham,,,5,4,2,True,False
activated_myeloid_cd140b,m2_macrophage,Sham,,,5,4,1,True,True
activated_myeloid_cd140b,myeloid,Sham,,,4,3,2,True,False
activated_myeloid_cd140b,neutrophil,Sham,,,5,4,2,True,False
activated_myeloid_cd44,activated_endothelial_cd140b,Sham,0.827758321924952,-0.2727184849588273,73,6,2,False,False
activated_myeloid_cd44,activated_endothelial_cd44,Sham,0.6169501643774861,-0.6967741379425438,73,6,2,False,False
activated_myeloid_cd44,activated_fibroblast_cd140b,Sham,0.8580841456409717,-0.2208089663390656,73,6,2,False,False
activated_myeloid_cd44,activated_fibroblast_cd44,Sham,1.2549668118400876,0.3276492119634373,57,5,2,False,False
activated_myeloid_cd44,activated_immune,Sham,1.3358163713601714,0.4177217006743169,73,6,2,False,False
activated_myeloid_cd44,activated_m2_cd140b,Sham,,,51,4,1,False,True
activated_myeloid_cd44,activated_m2_cd44,Sham,1.290934271686996,0.3684155472560866,73,6,2,False,False
activated_myeloid_cd44,activated_myeloid_cd140b,Sham,,,53,4,1,False,True
activated_myeloid_cd44,activated_myeloid_cd44,Sham,2.1961669337467784,1.134987719796353,73,6,2,False,False
activated_myeloid_cd44,endothelial,Sham,0.6926189632445505,-0.5298662072015591,73,6,2,False,False
activated_myeloid_cd44,fibroblast,Sham,0.8619254373440619,-0.214365023515747,73,6,2,False,False
activated_myeloid_cd44,immune_cells,Sham,0.9781170247471008,-0.0319210111800114,73,6,2,False,False
activated_myeloid_cd44,m2_macrophage,Sham,1.0094814897789297,0.0136144571290443,73,6,2,False,False
activated_myeloid_cd44,myeloid,Sham,1.000867016645519,0.0012502986782639,58,5,2,False,False
activated_myeloid_cd44,neutrophil,Sham,0.9843259371286612,-0.022791984589171,73,6,2,False,False
endothelial,activated_endothelial_cd140b,Sham,1.8280028869542424,0.8702683488376016,191,6,2,False,False
endothelial,activated_endothelial_cd44,Sham,1.315257402901176,0.3953451702770423,191,6,2,False,False
endothelial,activated_fibroblast_cd140b,Sham,1.2074652835988422,0.2719817100550092,191,6,2,False,False
endothelial,activated_fibroblast_cd44,Sham,0.5900516575823262,-0.7610868304544759,158,5,2,False,False
endothelial,activated_immune,Sham,0.6900653572344916,-0.5351950864853402,191,6,2,False,False
endothelial,activated_m2_cd140b,Sham,0.6022931955241625,-0.7314621348855992,136,4,2,False,False
endothelial,activated_m2_cd44,Sham,0.498609893958551,-1.004016584253465,191,6,2,False,False
endothelial,activated_myeloid_cd140b,Sham,,,140,4,1,False,True
endothelial,activated_myeloid_cd44,Sham,0.7014943243629391,-0.5114966635248195,191,6,2,False,False
endothelial,endothelial,Sham,1.510539623946612,0.5950640288334814,191,6,2,False,False
endothelial,fibroblast,Sham,0.922028317673557,-0.1171170349704435,191,6,2,False,False
endothelial,immune_cells,Sham,0.965024201738894,-0.0513629708580891,191,6,2,False,False
endothelial,m2_macrophage,Sham,0.99019793526957,-0.0142111538476983,191,6,2,False,False
endothelial,myeloid,Sham,0.9858697008083396,-0.0205311119957149,161,5,2,False,False
endothelial,neutrophil,Sham,0.8296507519565357,-0.2694239445206444,191,6,2,False,False
fibroblast,activated_endothelial_cd140b,Sham,0.883380171859976,-0.1788936445336584,156,6,2,False,False
fibroblast,activated_endothelial_cd44,Sham,1.132580021359822,0.179612986113017,156,6,2,False,False
fibroblast,activated_fibroblast_cd140b,Sham,1.1877411592912583,0.2482204683828321,156,6,2,False,False
fibroblast,activated_fibroblast_cd44,Sham,1.2146336061298093,0.2805211909201699,125,5,2,False,False
fibroblast,activated_immune,Sham,1.2945909629380377,0.3724963380994215,156,6,2,False,False
fibroblast,activated_m2_cd140b,Sham,1.800349760257506,0.8482772112054379,112,4,2,False,False
fibroblast,activated_m2_cd44,Sham,0.6755827962038934,-0.5657955046807823,156,6,2,False,False
fibroblast,activated_myeloid_cd140b,Sham,2.798903104049618,1.4848615427426228,97,4,2,False,False
fibroblast,activated_myeloid_cd44,Sham,0.6677626262735319,-0.5825927448206984,156,6,2,False,False
fibroblast,endothelial,Sham,0.8390114165515467,-0.2532376531254331,156,6,2,False,False
fibroblast,fibroblast,Sham,1.2926644797735158,0.3703478620150095,156,6,2,False,False
fibroblast,immune_cells,Sham,0.8893019157651285,-0.1692548013318841,156,6,2,False,False
fibroblast,m2_macrophage,Sham,0.7554020159008769,-0.4046834610611997,156,6,2,False,False
fibroblast,myeloid,Sham,0.8241712065813646,-0.2789840326859536,138,5,2,False,False
fibroblast,neutrophil,Sham,1.0017158766675738,0.0024733653704478,156,6,2,False,False
immune_cells,activated_endothelial_cd140b,Sham,1.4277405443905886,0.5137338299761698,134,6,2,False,False
immune_cells,activated_endothelial_cd44,Sham,0.7349468999803844,-0.4442880760980093,134,6,2,False,False
immune_cells,activated_fibroblast_cd140b,Sham,0.9790255815574151,-0.0305815375059484,134,6,2,False,False
immune_cells,activated_fibroblast_cd44,Sham,0.4754742641595184,-1.0725608399723996,114,5,2,False,False
immune_cells,activated_immune,Sham,1.2541449393919717,0.326704087580704,134,6,2,False,False
immune_cells,activated_m2_cd140b,Sham,1.2728671527135111,0.3480818551209643,85,4,2,False,False
immune_cells,activated_m2_cd44,Sham,0.9551361513943568,-0.0662216958322414,134,6,2,False,False
immune_cells,activated_myeloid_cd140b,Sham,2.2382021770447675,1.1623403609996223,84,4,2,False,False
immune_cells,activated_myeloid_cd44,Sham,0.94628920684135,-0.0796469245247469,134,6,2,False,False
immune_cells,endothelial,Sham,0.8972279323459187,-0.1564535600297645,134,6,2,False,False
immune_cells,fibroblast,Sham,0.9598689181742326,-0.0590906932328528,134,6,2,False,False
immune_cells,immune_cells,Sham,1.082727190029457,0.1146697792602309,134,6,2,False,False
immune_cells,m2_macrophage,Sham,1.2223697677671006,0.2896807675047556,134,6,2,False,False
immune_cells,myeloid,Sham,1.1057997254485212,0.1450901186055434,106,5,2,False,False
immune_cells,neutrophil,Sham,0.9746788045254978,-0.0370012231657165,134,6,2,False,False
m2_macrophage,activated_endothelial_cd140b,Sham,0.7454239523956762,-0.4238669175602471,69,6,2,False,False
m2_macrophage,activated_endothelial_cd44,Sham,1.4861629732218071,0.571592331062724,69,6,2,False,False
m2_macrophage,activated_fibroblast_cd140b,Sham,1.0117840184610396,0.0169013564844507,69,6,2,False,False
m2_macrophage,activated_fibroblast_cd44,Sham,1.0201941741283682,0.0288437672863187,61,5,2,False,False
m2_macrophage,activated_immune,Sham,,,69,6,1,False,True
m2_macrophage,activated_m2_cd140b,Sham,2.8310471796751244,1.5013357920964214,46,4,2,False,False
m2_macrophage,activated_m2_cd44,Sham,1.0456420447350072,0.0643890574464101,69,6,2,False,False
m2_macrophage,activated_myeloid_cd140b,Sham,,,41,4,1,False,True
m2_macrophage,activated_myeloid_cd44,Sham,1.1110781461185968,0.1519602902219922,69,6,2,False,False
m2_macrophage,endothelial,Sham,0.8574604596327983,-0.2218579495575011,69,6,2,False,False
m2_macrophage,fibroblast,Sham,0.6155989756868967,-0.6999372637616288,69,6,2,False,False
m2_macrophage,immune_cells,Sham,1.1841655546608731,0.243870793966325,69,6,2,False,False
m2_macrophage,m2_macrophage,Sham,1.2155098237988444,0.2815615533325842,69,6,2,False,False
m2_macrophage,myeloid,Sham,1.3194576094123545,0.3999450015372657,61,5,2,False,False
m2_macrophage,neutrophil,Sham,1.0059187017766869,0.0085137114226626,69,6,2,False,False
myeloid,activated_endothelial_cd140b,Sham,1.1419814353830873,0.1915391977248761,65,5,2,False,False
myeloid,activated_endothelial_cd44,Sham,0.6755131223540503,-0.5659442996202929,65,5,2,False,False
myeloid,activated_fibroblast_cd140b,Sham,1.0095631286524258,0.0137311261683767,65,5,2,False,False
myeloid,activated_fibroblast_cd44,Sham,1.3358560114599711,0.4177645117433491,55,4,2,False,False
myeloid,activated_immune,Sham,,,65,5,1,False,True
myeloid,activated_m2_cd140b,Sham,3.3617765459232425,1.7492238331992491,42,3,2,False,False
myeloid,activated_m2_cd44,Sham,1.1179049800404146,0.1607975668480986,65,5,2,False,False
myeloid,activated_myeloid_cd140b,Sham,4.739210467196533,2.2446467321328516,29,3,2,False,False
myeloid,activated_myeloid_cd44,Sham,1.0457640912882964,0.0645574379004548,65,5,2,False,False
myeloid,endothelial,Sham,0.93837022437298,-0.0917708592606842,65,5,2,False,False
myeloid,fibroblast,Sham,0.8730367844924903,-0.1958856533042594,65,5,2,False,False
myeloid,immune_cells,Sham,1.1198994881283506,0.1633692550633479,65,5,2,False,False
myeloid,m2_macrophage,Sham,1.2329544770121204,0.3021195337218697,65,5,2,False,False
myeloid,myeloid,Sham,1.0899574056091812,0.1242717570966024,65,5,2,False,False
myeloid,neutrophil,Sham,0.8470245001346195,-0.2395243948558412,65,5,2,False,False
neutrophil,activated_endothelial_cd140b,Sham,0.8099983567463301,-0.304009113700378,702,6,2,False,False
neutrophil,activated_endothelial_cd44,Sham,0.8854953531328325,-0.1754433588077546,702,6,2,False,False
neutrophil,activated_fibroblast_cd140b,Sham,0.8241654774823174,-0.2789940613929089,702,6,2,False,False
neutrophil,activated_fibroblast_cd44,Sham,1.099489298227203,0.1368335619285048,611,5,2,False,False
neutrophil,activated_immune,Sham,0.867121677937638,-0.2056936425704538,702,6,2,False,False
neutrophil,activated_m2_cd140b,Sham,0.7377484700739017,-0.4387990710553372,468,4,2,False,False
neutrophil,activated_m2_cd44,Sham,1.003996673351491,0.0057544890623322,702,6,2,False,False
neutrophil,activated_myeloid_cd140b,Sham,0.6223934942906025,-0.6841011145821174,472,4,2,False,False
neutrophil,activated_myeloid_cd44,Sham,1.0247495131912026,0.0352713046184056,702,6,2,False,False
neutrophil,endothelial,Sham,0.8220104353675686,-0.2827713859469745,702,6,2,False,False
neutrophil,fibroblast,Sham,0.9737025567685922,-0.0384469646857408,702,6,2,False,False
neutrophil,immune_cells,Sham,0.9528152291328408,-0.0697316224716064,702,6,2,False,False
neutrophil,m2_macrophage,Sham,1.0534515660457522,0.0751239856959016,702,6,2,False,False
neutrophil,myeloid,Sham,0.7888133482701005,-0.3422441297332261,589,5,2,False,False
neutrophil,neutrophil,Sham,1.1088045655841596,0.1490051030026859,702,6,2,False,False
