endpoint,contrast,composite_label,hedges_g_sigmoid,hedges_g_raw,family_b_lineage_source_sign_reverse,family_b_lineage_source_magnitude_disagree
vs_sham_mean_delta_lineage_endothelial,D1_vs_D3,activated_endothelial_cd140b,-0.1196096051628183,-0.6858289075170925,False,True
vs_sham_mean_delta_lineage_endothelial,D1_vs_D3,activated_endothelial_cd140b_cd44,-1.8661980381836833,-2.1747033380872205,False,False
vs_sham_mean_delta_lineage_endothelial,D1_vs_D3,activated_endothelial_cd44,0.34665547917781553,0.3426807389407168,False,False
vs_sham_mean_delta_lineage_endothelial,D1_vs_D3,activated_m2_macrophage_cd140b_cd44,1.0346336246142898,0.15574582614839436,False,True
vs_sham_mean_delta_lineage_endothelial,D1_vs_D3,activated_neutrophil_cd44,,,False,False
vs_sham_mean_delta_lineage_endothelial,D1_vs_D3,activated_stromal_cd140b,1.5348833423948842,2.311062132983329,False,False
vs_sham_mean_delta_lineage_endothelial,D1_vs_D3,activated_stromal_cd140b_cd44,1.0881234375730224,1.3289653487360085,False,False
vs_sham_mean_delta_lineage_endothelial,D1_vs_D3,activated_stromal_cd44,,,False,False
vs_sham_mean_delta_lineage_endothelial,D1_vs_D3,endothelial,-0.1457990353002785,0.20493502595107188,True,False
vs_sham_mean_delta_lineage_endothelial,D1_vs_D3,m2_macrophage,,,False,False
vs_sham_mean_delta_lineage_endothelial,D1_vs_D3,mixed,0.4570522807069549,-0.9267848542088633,True,True
vs_sham_mean_delta_lineage_endothelial,D1_vs_D3,neutrophil,2.9645296900626468,5.561157523783996,False,False
vs_sham_mean_delta_lineage_endothelial,D1_vs_D3,non_myeloid_immune,0.17691492370734427,-0.1744424390406974,True,False
vs_sham_mean_delta_lineage_endothelial,D1_vs_D3,stromal,3.7726762357625687,2.491462717817994,False,False
vs_sham_mean_delta_lineage_endothelial,D1_vs_D3,unassigned,1.318367720633573,1.258578214182837,False,False
vs_sham_mean_delta_lineage_endothelial,D1_vs_D7,activated_endothelial_cd140b,-0.1127503259109363,-0.9839036306358114,False,True
vs_sham_mean_delta_lineage_endothelial,D1_vs_D7,activated_endothelial_cd140b_cd44,0.7344030554930386,0.09447609584798367,False,True
vs_sham_mean_delta_lineage_endothelial,D1_vs_D7,activated_endothelial_cd44,0.6878379421618999,1.5699331306172692,False,True
vs_sham_mean_delta_lineage_endothelial,D1_vs_D7,activated_m2_macrophage_cd140b_cd44,1.2027036828088047,0.8377029933416705,False,False
vs_sham_mean_delta_lineage_endothelial,D1_vs_D7,activated_neutrophil_cd44,,,False,False
vs_sham_mean_delta_lineage_endothelial,D1_vs_D7,activated_stromal_cd140b,,,False,False
vs_sham_mean_delta_lineage_endothelial,D1_vs_D7,activated_stromal_cd140b_cd44,1.4450738606087896,3.73188775884928,False,True
vs_sham_mean_delta_lineage_endothelial,D1_vs_D7,activated_stromal_cd44,,,False,False
vs_sham_mean_delta_lineage_endothelial,D1_vs_D7,endothelial,-0.030432307837803332,0.3082907803320116,True,False
vs_sham_mean_delta_lineage_endothelial,D1_vs_D7,m2_macrophage,,,False,False
vs_sham_mean_delta_lineage_endothelial,D1_vs_D7,mixed,5.156875204556359,1.0190230692279632,False,True
vs_sham_mean_delta_lineage_endothelial,D1_vs_D7,neutrophil,,,False,False
vs_sham_mean_delta_lineage_endothelial,D1_vs_D7,non_myeloid_immune,-0.016971868401851973,-0.16490264007924635,False,False
vs_sham_mean_delta_lineage_endothelial,D1_vs_D7,stromal,0.638948593325443,0.5974855649616951,False,False
vs_sham_mean_delta_lineage_endothelial,D1_vs_D7,unassigned,0.2528420985653961,0.6944471096394829,False,True
vs_sham_mean_delta_lineage_endothelial,D3_vs_D7,activated_endothelial_cd140b,-0.040063604190693006,-0.7143952158210483,False,True
vs_sham_mean_delta_lineage_endothelial,D3_vs_D7,activated_endothelial_cd140b_cd44,1.0516104428250173,1.1639078030854357,False,False
vs_sham_mean_delta_lineage_endothelial,D3_vs_D7,activated_endothelial_cd44,0.10906591717658445,0.3083812678081902,False,False
vs_sham_mean_delta_lineage_endothelial,D3_vs_D7,activated_m2_macrophage_cd140b_cd44,0.5136997723956008,0.7018285994332909,False,False
vs_sham_mean_delta_lineage_endothelial,D3_vs_D7,activated_neutrophil_cd44,,,False,False
vs_sham_mean_delta_lineage_endothelial,D3_vs_D7,activated_stromal_cd140b,,,False,False
vs_sham_mean_delta_lineage_endothelial,D3_vs_D7,activated_stromal_cd140b_cd44,0.7674744811376021,2.185825192199364,False,True
vs_sham_mean_delta_lineage_endothelial,D3_vs_D7,activated_stromal_cd44,,,False,False
vs_sham_mean_delta_lineage_endothelial,D3_vs_D7,endothelial,0.2169281879491117,0.15494027582944694,False,False
vs_sham_mean_delta_lineage_endothelial,D3_vs_D7,m2_macrophage,,,False,False
vs_sham_mean_delta_lineage_endothelial,D3_vs_D7,mixed,2.024559651488491,1.2723257086534574,False,False
vs_sham_mean_delta_lineage_endothelial,D3_vs_D7,neutrophil,,,False,False
vs_sham_mean_delta_lineage_endothelial,D3_vs_D7,non_myeloid_immune,-0.5090439171123639,-0.04637913103116158,False,True
vs_sham_mean_delta_lineage_endothelial,D3_vs_D7,stromal,-0.6310777370963044,-0.1547013098297267,False,True
vs_sham_mean_delta_lineage_endothelial,D3_vs_D7,unassigned,-0.9180388942070004,-0.21856442056152214,False,True
vs_sham_mean_delta_lineage_endothelial,Sham_vs_D1,activated_endothelial_cd140b,0.841686589478524,0.9542948197426362,False,False
vs_sham_mean_delta_lineage_endothelial,Sham_vs_D1,activated_endothelial_cd140b_cd44,1.9713929037292548,1.313250242523454,False,False
vs_sham_mean_delta_lineage_endothelial,Sham_vs_D1,activated_endothelial_cd44,0.6728630224725125,0.7594829259706175,False,False
vs_sham_mean_delta_lineage_endothelial,Sham_vs_D1,activated_m2_macrophage_cd140b_cd44,,,False,False
vs_sham_mean_delta_lineage_endothelial,Sham_vs_D1,activated_neutrophil_cd44,,,False,False
vs_sham_mean_delta_lineage_endothelial,Sham_vs_D1,activated_stromal_cd140b,3.207698500136009,4.00855735776792,False,False
vs_sham_mean_delta_lineage_endothelial,Sham_vs_D1,activated_stromal_cd140b_cd44,0.8582729252732241,0.8469851425598309,False,False
vs_sham_mean_delta_lineage_endothelial,Sham_vs_D1,activated_stromal_cd44,,,False,False
vs_sham_mean_delta_lineage_endothelial,Sham_vs_D1,endothelial,0.641693175293669,0.6058986860626434,False,False
vs_sham_mean_delta_lineage_endothelial,Sham_vs_D1,m2_macrophage,,,False,False
vs_sham_mean_delta_lineage_endothelial,Sham_vs_D1,mixed,-0.036841104639693985,-0.3147325691200751,False,False
vs_sham_mean_delta_lineage_endothelial,Sham_vs_D1,neutrophil,1.0222914236702458,1.619146532960701,False,False
vs_sham_mean_delta_lineage_endothelial,Sham_vs_D1,non_myeloid_immune,0.8879125121520733,1.002952371129738,False,False
vs_sham_mean_delta_lineage_endothelial,Sham_vs_D1,stromal,1.2332646971380028,0.7790804513719537,False,False
vs_sham_mean_delta_lineage_endothelial,Sham_vs_D1,unassigned,1.6204617189133703,1.6058724085974219,False,False
vs_sham_mean_delta_lineage_endothelial,Sham_vs_D3,activated_endothelial_cd140b,1.571315977847336,0.6615159222507389,False,True
vs_sham_mean_delta_lineage_endothelial,Sham_vs_D3,activated_endothelial_cd140b_cd44,1.486251521265793,0.07490591988353308,False,True
vs_sham_mean_delta_lineage_endothelial,Sham_vs_D3,activated_endothelial_cd44,0.8686418117039443,0.7270202161170364,False,False
vs_sham_mean_delta_lineage_endothelial,Sham_vs_D3,activated_m2_macrophage_cd140b_cd44,,,False,False
vs_sham_mean_delta_lineage_endothelial,Sham_vs_D3,activated_neutrophil_cd44,,,False,False
vs_sham_mean_delta_lineage_endothelial,Sham_vs_D3,activated_stromal_cd140b,7.832480318041682,3.508572421446763,False,True
vs_sham_mean_delta_lineage_endothelial,Sham_vs_D3,activated_stromal_cd140b_cd44,1.9515629201118359,2.1245377850413223,False,False
vs_sham_mean_delta_lineage_endothelial,Sham_vs_D3,activated_stromal_cd44,,,False,False
vs_sham_mean_delta_lineage_endothelial,Sham_vs_D3,endothelial,0.7303984556035201,0.9268600572597956,False,False
vs_sham_mean_delta_lineage_endothelial,Sham_vs_D3,m2_macrophage,,,False,False
vs_sham_mean_delta_lineage_endothelial,Sham_vs_D3,mixed,0.4092324904221728,-0.8412152096400363,True,True
vs_sham_mean_delta_lineage_endothelial,Sham_vs_D3,neutrophil,11.212127232812916,3.997885669172863,False,True
vs_sham_mean_delta_lineage_endothelial,Sham_vs_D3,non_myeloid_immune,5.584017163280927,3.0509295222695334,False,False
vs_sham_mean_delta_lineage_endothelial,Sham_vs_D3,stromal,4.277551902007548,5.2865750384794445,False,False
vs_sham_mean_delta_lineage_endothelial,Sham_vs_D3,unassigned,2.7151871692208633,2.4377061193514686,False,False
vs_sham_mean_delta_lineage_endothelial,Sham_vs_D7,activated_endothelial_cd140b,0.6888469786683803,-0.16470920891329532,True,True
vs_sham_mean_delta_lineage_endothelial,Sham_vs_D7,activated_endothelial_cd140b_cd44,1.6373498702368114,1.001502486918536,False,False
vs_sham_mean_delta_lineage_endothelial,Sham_vs_D7,activated_endothelial_cd44,1.7384546916326287,3.327886306653348,False,False
vs_sham_mean_delta_lineage_endothelial,Sham_vs_D7,activated_m2_macrophage_cd140b_cd44,,,False,False
vs_sham_mean_delta_lineage_endothelial,Sham_vs_D7,activated_neutrophil_cd44,,,False,False
vs_sham_mean_delta_lineage_endothelial,Sham_vs_D7,activated_stromal_cd140b,,,False,False
vs_sham_mean_delta_lineage_endothelial,Sham_vs_D7,activated_stromal_cd140b_cd44,2.1723630616147234,4.450803147700837,False,True
vs_sham_mean_delta_lineage_endothelial,Sham_vs_D7,activated_stromal_cd44,,,False,False
vs_sham_mean_delta_lineage_endothelial,Sham_vs_D7,endothelial,1.249014922896165,0.7753818303548055,False,False
vs_sham_mean_delta_lineage_endothelial,Sham_vs_D7,m2_macrophage,,,False,False
vs_sham_mean_delta_lineage_endothelial,Sham_vs_D7,mixed,4.09256205271093,0.805919828248645,False,True
vs_sham_mean_delta_lineage_endothelial,Sham_vs_D7,neutrophil,,,False,False
vs_sham_mean_delta_lineage_endothelial,Sham_vs_D7,non_myeloid_immune,2.1087821969850014,0.8395432194828598,False,True
vs_sham_mean_delta_lineage_endothelial,Sham_vs_D7,stromal,1.2492403006612849,0.8957206121223441,False,False
vs_sham_mean_delta_lineage_endothelial,Sham_vs_D7,unassigned,1.6516727985676243,1.5124640826039362,False,False
vs_sham_mean_delta_lineage_immune,D1_vs_D3,activated_endothelial_cd140b,3.4094610056603427,4.20812201519882,False,False
vs_sham_mean_delta_lineage_immune,D1_vs_D3,activated_endothelial_cd140b_cd44,2.959759144562033,1.9571425718868385,False,False
vs_sham_mean_delta_lineage_immune,D1_vs_D3,activated_endothelial_cd44,2.2061165710023296,1.858255337787628,False,False
vs_sham_mean_delta_lineage_immune,D1_vs_D3,activated_m2_macrophage_cd140b_cd44,-0.6372453754031878,-0.3335240782105589,False,False
vs_sham_mean_delta_lineage_immune,D1_vs_D3,activated_neutrophil_cd44,,,False,False
vs_sham_mean_delta_lineage_immune,D1_vs_D3,activated_stromal_cd140b,0.6520057003598106,1.1970764911938938,False,False
vs_sham_mean_delta_lineage_immune,D1_vs_D3,activated_stromal_cd140b_cd44,1.4068447754534021,0.8645736212900837,False,False
vs_sham_mean_delta_lineage_immune,D1_vs_D3,activated_stromal_cd44,,,False,False
vs_sham_mean_delta_lineage_immune,D1_vs_D3,endothelial,3.0644387305553273,4.736984067503701,False,False
vs_sham_mean_delta_lineage_immune,D1_vs_D3,m2_macrophage,,,False,False
vs_sham_mean_delta_lineage_immune,D1_vs_D3,mixed,-0.12805767864774023,-0.9239632802188039,False,True
vs_sham_mean_delta_lineage_immune,D1_vs_D3,neutrophil,1.8636608830929837,1.916434457297874,False,False
vs_sham_mean_delta_lineage_immune,D1_vs_D3,non_myeloid_immune,1.5014430190186898,1.0550969493598954,False,False
vs_sham_mean_delta_lineage_immune,D1_vs_D3,stromal,1.9672394369303554,1.6413371339234835,False,False
vs_sham_mean_delta_lineage_immune,D1_vs_D3,unassigned,1.4031557431280968,1.5738875248329898,False,False
vs_sham_mean_delta_lineage_immune,D1_vs_D7,activated_endothelial_cd140b,1.0676549558650208,2.939752805359953,False,True
vs_sham_mean_delta_lineage_immune,D1_vs_D7,activated_endothelial_cd140b_cd44,1.2532134234587946,1.2817207165956495,False,False
vs_sham_mean_delta_lineage_immune,D1_vs_D7,activated_endothelial_cd44,2.716726160208626,2.739292149145065,False,False
vs_sham_mean_delta_lineage_immune,D1_vs_D7,activated_m2_macrophage_cd140b_cd44,1.0708814921670573,0.9430536572763476,False,False
vs_sham_mean_delta_lineage_immune,D1_vs_D7,activated_neutrophil_cd44,,,False,False
vs_sham_mean_delta_lineage_immune,D1_vs_D7,activated_stromal_cd140b,,,False,False
vs_sham_mean_delta_lineage_immune,D1_vs_D7,activated_stromal_cd140b_cd44,6.038385547012951,2.7069998837507208,False,True
vs_sham_mean_delta_lineage_immune,D1_vs_D7,activated_stromal_cd44,,,False,False
vs_sham_mean_delta_lineage_immune,D1_vs_D7,endothelial,6.69424610893379,9.962164169758868,False,False
vs_sham_mean_delta_lineage_immune,D1_vs_D7,m2_macrophage,,,False,False
vs_sham_mean_delta_lineage_immune,D1_vs_D7,mixed,1.0786161587705383,0.06450354871136255,False,True
vs_sham_mean_delta_lineage_immune,D1_vs_D7,neutrophil,,,False,False
vs_sham_mean_delta_lineage_immune,D1_vs_D7,non_myeloid_immune,3.820146534431397,2.4415806523477226,False,False
vs_sham_mean_delta_lineage_immune,D1_vs_D7,stromal,18.04002230260077,3.539063329835867,False,True
vs_sham_mean_delta_lineage_immune,D1_vs_D7,unassigned,1.8938327612707673,2.1468422352871515,False,False
vs_sham_mean_delta_lineage_immune,D3_vs_D7,activated_endothelial_cd140b,0.21318362708886424,1.662210023092054,False,True
vs_sham_mean_delta_lineage_immune,D3_vs_D7,activated_endothelial_cd140b_cd44,0.6718285914172762,0.7277409495695283,False,False
vs_sham_mean_delta_lineage_immune,D3_vs_D7,activated_endothelial_cd44,1.484766017327735,1.9756710718314558,False,False
vs_sham_mean_delta_lineage_immune,D3_vs_D7,activated_m2_macrophage_cd140b_cd44,1.1547883862835897,1.0366992086624987,False,False
vs_sham_mean_delta_lineage_immune,D3_vs_D7,activated_neutrophil_cd44,,,False,False
vs_sham_mean_delta_lineage_immune,D3_vs_D7,activated_stromal_cd140b,,,False,False
vs_sham_mean_delta_lineage_immune,D3_vs_D7,activated_stromal_cd140b_cd44,2.3003713638754775,2.4213699321622295,False,False
vs_sham_mean_delta_lineage_immune,D3_vs_D7,activated_stromal_cd44,,,False,False
vs_sham_mean_delta_lineage_immune,D3_vs_D7,endothelial,1.9458197463530715,6.317724716095205,False,True
vs_sham_mean_delta_lineage_immune,D3_vs_D7,m2_macrophage,,,False,False
vs_sham_mean_delta_lineage_immune,D3_vs_D7,mixed,1.5265407679403264,0.8904587909697306,False,False
vs_sham_mean_delta_lineage_immune,D3_vs_D7,neutrophil,,,False,False
vs_sham_mean_delta_lineage_immune,D3_vs_D7,non_myeloid_immune,1.371683044485205,1.338890785676421,False,False
vs_sham_mean_delta_lineage_immune,D3_vs_D7,stromal,2.0441125271294984,2.428073696946667,False,False
vs_sham_mean_delta_lineage_immune,D3_vs_D7,unassigned,1.2268701655713272,1.4436502458798715,False,False
vs_sham_mean_delta_lineage_immune,Sham_vs_D1,activated_endothelial_cd140b,-0.02804476891701992,1.1850551005287457,True,True
vs_sham_mean_delta_lineage_immune,Sham_vs_D1,activated_endothelial_cd140b_cd44,0.43676562550462766,0.47547404480336675,False,False
vs_sham_mean_delta_lineage_immune,Sham_vs_D1,activated_endothelial_cd44,0.1740870432699264,0.8011496265120408,False,True
vs_sham_mean_delta_lineage_immune,Sham_vs_D1,activated_m2_macrophage_cd140b_cd44,,,False,False
vs_sham_mean_delta_lineage_immune,Sham_vs_D1,activated_neutrophil_cd44,,,False,False
vs_sham_mean_delta_lineage_immune,Sham_vs_D1,activated_stromal_cd140b,0.2802309921031229,0.8108536202971176,False,True
vs_sham_mean_delta_lineage_immune,Sham_vs_D1,activated_stromal_cd140b_cd44,-0.09630657619837285,0.6307635189174876,True,True
vs_sham_mean_delta_lineage_immune,Sham_vs_D1,activated_stromal_cd44,,,False,False
vs_sham_mean_delta_lineage_immune,Sham_vs_D1,endothelial,-0.06199119390974939,0.11725814110713101,True,False
vs_sham_mean_delta_lineage_immune,Sham_vs_D1,m2_macrophage,,,False,False
vs_sham_mean_delta_lineage_immune,Sham_vs_D1,mixed,0.9019042876560274,1.9541238034094472,False,True
vs_sham_mean_delta_lineage_immune,Sham_vs_D1,neutrophil,0.4128440901442457,0.004285425134641052,False,False
vs_sham_mean_delta_lineage_immune,Sham_vs_D1,non_myeloid_immune,0.23946995210263494,0.2758802053391205,False,False
vs_sham_mean_delta_lineage_immune,Sham_vs_D1,stromal,-0.04821276654767684,1.5791935745836998,True,True
vs_sham_mean_delta_lineage_immune,Sham_vs_D1,unassigned,0.1301205153461216,0.16621993303356478,False,False
vs_sham_mean_delta_lineage_immune,Sham_vs_D3,activated_endothelial_cd140b,1.1984119006137044,2.676074524966079,False,True
vs_sham_mean_delta_lineage_immune,Sham_vs_D3,activated_endothelial_cd140b_cd44,0.8906374566057733,1.209902817331945,False,False
vs_sham_mean_delta_lineage_immune,Sham_vs_D3,activated_endothelial_cd44,1.8840916820689115,5.245677707729047,False,True
vs_sham_mean_delta_lineage_immune,Sham_vs_D3,activated_m2_macrophage_cd140b_cd44,,,False,False
vs_sham_mean_delta_lineage_immune,Sham_vs_D3,activated_neutrophil_cd44,,,False,False
vs_sham_mean_delta_lineage_immune,Sham_vs_D3,activated_stromal_cd140b,0.7656591638049159,1.5020981327927216,False,False
vs_sham_mean_delta_lineage_immune,Sham_vs_D3,activated_stromal_cd140b_cd44,1.1450436660202432,2.5803449440851858,False,True
vs_sham_mean_delta_lineage_immune,Sham_vs_D3,activated_stromal_cd44,,,False,False
vs_sham_mean_delta_lineage_immune,Sham_vs_D3,endothelial,0.9604661720840844,1.4961963428335547,False,False
vs_sham_mean_delta_lineage_immune,Sham_vs_D3,m2_macrophage,,,False,False
vs_sham_mean_delta_lineage_immune,Sham_vs_D3,mixed,1.165748200858171,-0.013662791930319917,True,True
vs_sham_mean_delta_lineage_immune,Sham_vs_D3,neutrophil,1.8889526571488617,2.027666400353256,False,False
vs_sham_mean_delta_lineage_immune,Sham_vs_D3,non_myeloid_immune,1.5302165506109418,1.0962882907212828,False,False
vs_sham_mean_delta_lineage_immune,Sham_vs_D3,stromal,1.4776439700451103,2.4618895704000168,False,False
vs_sham_mean_delta_lineage_immune,Sham_vs_D3,unassigned,2.691136966716178,3.990356463607875,False,False
vs_sham_mean_delta_lineage_immune,Sham_vs_D7,activated_endothelial_cd140b,0.8761395207329139,3.079232195390863,False,True
vs_sham_mean_delta_lineage_immune,Sham_vs_D7,activated_endothelial_cd140b_cd44,1.130673808389891,1.3450244340523683,False,False
vs_sham_mean_delta_lineage_immune,Sham_vs_D7,activated_endothelial_cd44,2.5223679016396967,4.112890091348246,False,False
vs_sham_mean_delta_lineage_immune,Sham_vs_D7,activated_m2_macrophage_cd140b_cd44,,,False,False
vs_sham_mean_delta_lineage_immune,Sham_vs_D7,activated_neutrophil_cd44,,,False,False
vs_sham_mean_delta_lineage_immune,Sham_vs_D7,activated_stromal_cd140b,,,False,False
vs_sham_mean_delta_lineage_immune,Sham_vs_D7,activated_stromal_cd140b_cd44,4.116236041543811,6.259537995439574,False,False
vs_sham_mean_delta_lineage_immune,Sham_vs_D7,activated_stromal_cd44,,,False,False
vs_sham_mean_delta_lineage_immune,Sham_vs_D7,endothelial,1.5844621424730028,2.5720585821022044,False,False
vs_sham_mean_delta_lineage_immune,Sham_vs_D7,m2_macrophage,,,False,False
vs_sham_mean_delta_lineage_immune,Sham_vs_D7,mixed,2.946143189124513,1.5035132995125013,False,False
vs_sham_mean_delta_lineage_immune,Sham_vs_D7,neutrophil,,,False,False
vs_sham_mean_delta_lineage_immune,Sham_vs_D7,non_myeloid_immune,3.566297907289446,2.440245823256461,False,False
vs_sham_mean_delta_lineage_immune,Sham_vs_D7,stromal,4.582800172276229,3.9780749228220107,False,False
vs_sham_mean_delta_lineage_immune,Sham_vs_D7,unassigned,2.501442171415441,2.8640573856243954,False,False
vs_sham_mean_delta_lineage_stromal,D1_vs_D3,activated_endothelial_cd140b,-0.027019705860271477,-0.3665562679081651,False,False
vs_sham_mean_delta_lineage_stromal,D1_vs_D3,activated_endothelial_cd140b_cd44,-0.33769555831802,-0.5542941979323652,False,False
vs_sham_mean_delta_lineage_stromal,D1_vs_D3,activated_endothelial_cd44,0.37967053675095197,0.061514891683098594,False,False
vs_sham_mean_delta_lineage_stromal,D1_vs_D3,activated_m2_macrophage_cd140b_cd44,-0.43041291480648125,-0.984883954476001,False,True
vs_sham_mean_delta_lineage_stromal,D1_vs_D3,activated_neutrophil_cd44,,,False,False
vs_sham_mean_delta_lineage_stromal,D1_vs_D3,activated_stromal_cd140b,0.5310272164103456,1.561723354641652,False,True
vs_sham_mean_delta_lineage_stromal,D1_vs_D3,activated_stromal_cd140b_cd44,0.832198060093294,0.8967854537607416,False,False
vs_sham_mean_delta_lineage_stromal,D1_vs_D3,activated_stromal_cd44,,,False,False
vs_sham_mean_delta_lineage_stromal,D1_vs_D3,endothelial,0.6552171062403256,1.2126123711104122,False,False
vs_sham_mean_delta_lineage_stromal,D1_vs_D3,m2_macrophage,,,False,False
vs_sham_mean_delta_lineage_stromal,D1_vs_D3,mixed,0.6391912514058522,0.8887931340318045,False,False
vs_sham_mean_delta_lineage_stromal,D1_vs_D3,neutrophil,3.0876805217637235,2.377612747092038,False,False
vs_sham_mean_delta_lineage_stromal,D1_vs_D3,non_myeloid_immune,1.0389112392204176,0.2862754256014452,False,True
vs_sham_mean_delta_lineage_stromal,D1_vs_D3,stromal,5.390853959743389,8.500498965358211,False,False
vs_sham_mean_delta_lineage_stromal,D1_vs_D3,unassigned,0.47852092561491705,0.6252620319786221,False,False
vs_sham_mean_delta_lineage_stromal,D1_vs_D7,activated_endothelial_cd140b,-0.5200613096667274,-0.2004445307235925,False,True
vs_sham_mean_delta_lineage_stromal,D1_vs_D7,activated_endothelial_cd140b_cd44,-0.1736634590737356,-0.34474499604298603,False,False
vs_sham_mean_delta_lineage_stromal,D1_vs_D7,activated_endothelial_cd44,1.1872154256025491,0.4206401020962199,False,True
vs_sham_mean_delta_lineage_stromal,D1_vs_D7,activated_m2_macrophage_cd140b_cd44,0.5084249934164312,0.19374433836498994,False,True
vs_sham_mean_delta_lineage_stromal,D1_vs_D7,activated_neutrophil_cd44,,,False,False
vs_sham_mean_delta_lineage_stromal,D1_vs_D7,activated_stromal_cd140b,,,False,False
vs_sham_mean_delta_lineage_stromal,D1_vs_D7,activated_stromal_cd140b_cd44,1.1218822121822158,1.3824802961329634,False,False
vs_sham_mean_delta_lineage_stromal,D1_vs_D7,activated_stromal_cd44,,,False,False
vs_sham_mean_delta_lineage_stromal,D1_vs_D7,endothelial,-0.4051072453351751,-0.10761263784672782,False,False
vs_sham_mean_delta_lineage_stromal,D1_vs_D7,m2_macrophage,,,False,False
vs_sham_mean_delta_lineage_stromal,D1_vs_D7,mixed,1.6612453067214457,1.4609959474437744,False,False
vs_sham_mean_delta_lineage_stromal,D1_vs_D7,neutrophil,,,False,False
vs_sham_mean_delta_lineage_stromal,D1_vs_D7,non_myeloid_immune,-0.007057537930016789,-0.13359904961116664,False,False
vs_sham_mean_delta_lineage_stromal,D1_vs_D7,stromal,8.499920548013852,10.579187453840687,False,False
vs_sham_mean_delta_lineage_stromal,D1_vs_D7,unassigned,-0.11621415938170138,0.30775066096180903,True,False
vs_sham_mean_delta_lineage_stromal,D3_vs_D7,activated_endothelial_cd140b,-0.2744148877465574,0.19262898310652277,True,False
vs_sham_mean_delta_lineage_stromal,D3_vs_D7,activated_endothelial_cd140b_cd44,0.24778290872829692,0.43044452547234974,False,False
vs_sham_mean_delta_lineage_stromal,D3_vs_D7,activated_endothelial_cd44,0.8110309055029012,0.26488760032196246,False,True
vs_sham_mean_delta_lineage_stromal,D3_vs_D7,activated_m2_macrophage_cd140b_cd44,1.0631951972295839,2.0049107599085234,False,False
vs_sham_mean_delta_lineage_stromal,D3_vs_D7,activated_neutrophil_cd44,,,False,False
vs_sham_mean_delta_lineage_stromal,D3_vs_D7,activated_stromal_cd140b,,,False,False
vs_sham_mean_delta_lineage_stromal,D3_vs_D7,activated_stromal_cd140b_cd44,0.7491982651247238,0.6906344762266488,False,False
vs_sham_mean_delta_lineage_stromal,D3_vs_D7,activated_stromal_cd44,,,False,False
vs_sham_mean_delta_lineage_stromal,D3_vs_D7,endothelial,-0.6491811655288381,-0.5169159075768665,False,False
vs_sham_mean_delta_lineage_stromal,D3_vs_D7,m2_macrophage,,,False,False
vs_sham_mean_delta_lineage_stromal,D3_vs_D7,mixed,1.4745050219431135,1.377334794254589,False,False
vs_sham_mean_delta_lineage_stromal,D3_vs_D7,neutrophil,,,False,False
vs_sham_mean_delta_lineage_stromal,D3_vs_D7,non_myeloid_immune,-1.0046357065073386,-0.4987890143187635,False,True
vs_sham_mean_delta_lineage_stromal,D3_vs_D7,stromal,3.0718370647607474,1.2274493154230817,False,True
vs_sham_mean_delta_lineage_stromal,D3_vs_D7,unassigned,-0.9004721218287205,-0.5296251090228882,False,False
vs_sham_mean_delta_lineage_stromal,Sham_vs_D1,activated_endothelial_cd140b,2.499828317434531,2.545098290113486,False,False
vs_sham_mean_delta_lineage_stromal,Sham_vs_D1,activated_endothelial_cd140b_cd44,0.9640196078105328,1.170840622974317,False,False
vs_sham_mean_delta_lineage_stromal,Sham_vs_D1,activated_endothelial_cd44,0.5382748370517709,0.589279977061047,False,False
vs_sham_mean_delta_lineage_stromal,Sham_vs_D1,activated_m2_macrophage_cd140b_cd44,,,False,False
vs_sham_mean_delta_lineage_stromal,Sham_vs_D1,activated_neutrophil_cd44,,,False,False
vs_sham_mean_delta_lineage_stromal,Sham_vs_D1,activated_stromal_cd140b,1.6939095255163692,1.7645745136039528,False,False
vs_sham_mean_delta_lineage_stromal,Sham_vs_D1,activated_stromal_cd140b_cd44,0.5428031083699287,0.3365837753506456,False,False
vs_sham_mean_delta_lineage_stromal,Sham_vs_D1,activated_stromal_cd44,,,False,False
vs_sham_mean_delta_lineage_stromal,Sham_vs_D1,endothelial,0.5909151360624046,1.2892753191203818,False,True
vs_sham_mean_delta_lineage_stromal,Sham_vs_D1,m2_macrophage,,,False,False
vs_sham_mean_delta_lineage_stromal,Sham_vs_D1,mixed,0.5497631853152353,0.3776171934698637,False,False
vs_sham_mean_delta_lineage_stromal,Sham_vs_D1,neutrophil,-0.8773635567703225,-0.28765056225701635,False,True
vs_sham_mean_delta_lineage_stromal,Sham_vs_D1,non_myeloid_immune,1.3664940591652461,0.889794693030193,False,False
vs_sham_mean_delta_lineage_stromal,Sham_vs_D1,stromal,-0.12465831319012927,1.6327780234039388,True,True
vs_sham_mean_delta_lineage_stromal,Sham_vs_D1,unassigned,0.600996553480246,0.5720015883998353,False,False
vs_sham_mean_delta_lineage_stromal,Sham_vs_D3,activated_endothelial_cd140b,0.9655355441980911,1.1929955912353731,False,False
vs_sham_mean_delta_lineage_stromal,Sham_vs_D3,activated_endothelial_cd140b_cd44,0.3977995268982091,0.4389992882689475,False,False
vs_sham_mean_delta_lineage_stromal,Sham_vs_D3,activated_endothelial_cd44,0.8218213712935812,0.523459134477198,False,False
vs_sham_mean_delta_lineage_stromal,Sham_vs_D3,activated_m2_macrophage_cd140b_cd44,,,False,False
vs_sham_mean_delta_lineage_stromal,Sham_vs_D3,activated_neutrophil_cd44,,,False,False
vs_sham_mean_delta_lineage_stromal,Sham_vs_D3,activated_stromal_cd140b,2.651486261796746,4.937543052850666,False,False
vs_sham_mean_delta_lineage_stromal,Sham_vs_D3,activated_stromal_cd140b_cd44,2.0381445486231957,1.1644500767767088,False,False
vs_sham_mean_delta_lineage_stromal,Sham_vs_D3,activated_stromal_cd44,,,False,False
vs_sham_mean_delta_lineage_stromal,Sham_vs_D3,endothelial,1.3952139936928412,2.5951137235677257,False,False
vs_sham_mean_delta_lineage_stromal,Sham_vs_D3,m2_macrophage,,,False,False
vs_sham_mean_delta_lineage_stromal,Sham_vs_D3,mixed,1.3283217963807925,0.538715760016938,False,True
vs_sham_mean_delta_lineage_stromal,Sham_vs_D3,neutrophil,2.148022261139815,2.425999296010593,False,False
vs_sham_mean_delta_lineage_stromal,Sham_vs_D3,non_myeloid_immune,2.787587231648892,1.9586339077434953,False,False
vs_sham_mean_delta_lineage_stromal,Sham_vs_D3,stromal,7.918300589855203,8.77081511480663,False,False
vs_sham_mean_delta_lineage_stromal,Sham_vs_D3,unassigned,3.0571157227056247,3.3689403196396395,False,False
vs_sham_mean_delta_lineage_stromal,Sham_vs_D7,activated_endothelial_cd140b,1.1600764499851064,1.839658809935004,False,False
vs_sham_mean_delta_lineage_stromal,Sham_vs_D7,activated_endothelial_cd140b_cd44,0.858464382897684,1.3268274395007538,False,False
vs_sham_mean_delta_lineage_stromal,Sham_vs_D7,activated_endothelial_cd44,1.4156020025328881,0.914153027594192,False,False
vs_sham_mean_delta_lineage_stromal,Sham_vs_D7,activated_m2_macrophage_cd140b_cd44,,,False,False
vs_sham_mean_delta_lineage_stromal,Sham_vs_D7,activated_neutrophil_cd44,,,False,False
vs_sham_mean_delta_lineage_stromal,Sham_vs_D7,activated_stromal_cd140b,,,False,False
vs_sham_mean_delta_lineage_stromal,Sham_vs_D7,activated_stromal_cd140b_cd44,1.54951779476749,1.5624288005345046,False,False
vs_sham_mean_delta_lineage_stromal,Sham_vs_D7,activated_stromal_cd44,,,False,False
vs_sham_mean_delta_lineage_stromal,Sham_vs_D7,endothelial,-0.21081420894428374,0.17991436150298634,True,False
vs_sham_mean_delta_lineage_stromal,Sham_vs_D7,m2_macrophage,,,False,False
vs_sham_mean_delta_lineage_stromal,Sham_vs_D7,mixed,2.039875342580809,1.4834313431168158,False,False
vs_sham_mean_delta_lineage_stromal,Sham_vs_D7,neutrophil,,,False,False
vs_sham_mean_delta_lineage_stromal,Sham_vs_D7,non_myeloid_immune,1.2649989502707693,0.8861776854859134,False,False
vs_sham_mean_delta_lineage_stromal,Sham_vs_D7,stromal,13.725494273770684,10.848704107075001,False,False
vs_sham_mean_delta_lineage_stromal,Sham_vs_D7,unassigned,0.72763704472788,1.8119955465419664,False,True
